ImageName,xywh,Conf,Classification
1708418258713137499_front_medium.jpg,"[260.74, 265.42, 36.84, 103.86]",0.8998090624809265,1
1708418258713137499_front_medium.jpg,"[1312.59, 289.81, 34.46, 98.01]",0.8984933495521545,1
1708418258713137499_front_medium.jpg,"[260.28, 265.12, 35.77, 105.32]",0.7119467854499817,7
1708418258713137499_left_forward.jpg,"[1562.63, 341.53, 29.78, 72.82]",0.9303849935531616,1
1708418258713137499_right_forward.jpg,"[71.1, 357.72, 28.09, 70.07]",0.9405714869499207,1
1708418258735553674_front_medium.jpg,"[260.79, 265.28, 36.71, 103.82]",0.9192888736724854,1
1708418258735553674_front_medium.jpg,"[1312.54, 289.84, 34.5, 98.12]",0.8984565138816833,1
1708418258735553674_front_medium.jpg,"[260.33, 264.98, 35.82, 105.17]",0.73023721575737,7
1708418258735553674_left_forward.jpg,"[1562.64, 341.56, 29.82, 72.86]",0.90896075963974,1
1708418258735553674_right_forward.jpg,"[71.13, 357.8, 28.12, 70.19]",0.940195620059967,1
1708418258892465895_front_medium.jpg,"[1312.62, 289.91, 34.33, 98.23]",0.8948155045509338,1
1708418258892465895_front_medium.jpg,"[260.78, 265.31, 36.76, 103.72]",0.8938939869403839,1
1708418258892465895_front_medium.jpg,"[260.29, 264.98, 35.88, 105.11]",0.721817135810852,7
1708418258892465895_left_forward.jpg,"[1562.67, 341.36, 29.7, 72.57]",0.9344645440578461,1
1708418258892465895_right_forward.jpg,"[71.07, 357.72, 27.6, 69.9]",0.9388439655303955,1
1708418259094212464_front_medium.jpg,"[1312.52, 289.86, 34.4, 98.25]",0.9060510098934174,1
1708418259094212464_front_medium.jpg,"[260.75, 265.34, 36.77, 104.03]",0.9024074077606201,1
1708418259094212464_front_medium.jpg,"[260.31, 265.02, 35.93, 105.29]",0.7012859433889389,7
1708418259094212464_left_forward.jpg,"[1562.56, 341.62, 29.94, 72.73]",0.9032904803752899,1
1708418259094212464_right_forward.jpg,"[71.09, 357.74, 28.16, 70.29]",0.9397881031036377,1
1708418259430455131_front_medium.jpg,"[260.75, 265.32, 36.93, 103.61]",0.9251962602138519,1
1708418259430455131_front_medium.jpg,"[1312.57, 289.7, 34.41, 98.0]",0.9105091989040375,1
1708418259430455131_front_medium.jpg,"[260.24, 265.15, 35.89, 105.17]",0.5492645502090454,7
1708418259430455131_right_forward.jpg,"[71.12, 357.83, 28.12, 70.24]",0.939985066652298,1
1708418259789114124_front_medium.jpg,"[260.74, 265.24, 37.14, 103.97]",0.9346392452716827,1
1708418259789114124_front_medium.jpg,"[1312.55, 289.69, 34.46, 97.99]",0.9108436703681946,1
1708418259789114124_front_medium.jpg,"[260.23, 265.05, 35.82, 105.18]",0.4030008316040039,7
1708418259789114124_left_forward.jpg,"[1562.61, 341.49, 29.83, 72.51]",0.9164150655269623,1
1708418259789114124_right_forward.jpg,"[71.12, 357.79, 28.08, 70.11]",0.9395820200443268,1
1708418268598657340_front_medium.jpg,"[259.67, 265.29, 35.85, 103.95]",0.9551144242286682,0
1708418268598657340_front_medium.jpg,"[1312.88, 290.12, 33.9, 99.35]",0.9442868828773499,0
1708418268598657340_left_forward.jpg,"[1562.29, 341.85, 29.69, 72.85]",0.9317137598991394,0
1708418268598657340_right_forward.jpg,"[71.66, 358.21, 27.64, 70.05]",0.9329658150672913,0
1708418268643489621_front_medium.jpg,"[259.59, 265.32, 35.77, 103.9]",0.9552433490753174,0
1708418268643489621_front_medium.jpg,"[1313.17, 289.49, 34.12, 97.58]",0.9432232975959778,0
1708418268643489621_left_forward.jpg,"[1562.16, 341.78, 29.61, 72.91]",0.9304250478744507,0
1708418268643489621_right_forward.jpg,"[71.67, 358.34, 27.87, 70.31]",0.935698539018631,0
1708418268822818743_front_medium.jpg,"[259.16, 265.37, 35.72, 103.68]",0.9553102254867554,0
1708418268822818743_front_medium.jpg,"[1313.86, 289.38, 34.28, 97.07]",0.9479731321334839,0
1708418268822818743_left_forward.jpg,"[1561.93, 341.77, 29.47, 72.76]",0.9295955300331116,0
1708418268822818743_right_forward.jpg,"[71.86, 358.17, 27.85, 70.05]",0.9348024129867554,0
1708418269046981145_front_medium.jpg,"[257.68, 266.89, 35.96, 104.17]",0.9579423666000366,0
1708418269046981145_front_medium.jpg,"[1315.54, 290.55, 34.49, 98.23]",0.9503569006919861,0
1708418269046981145_left_forward.jpg,"[1560.58, 342.64, 30.42, 72.54]",0.931982159614563,0
1708418269046981145_right_forward.jpg,"[73.24, 359.03, 27.87, 70.19]",0.9382665753364563,0
1708418269293561117_front_medium.jpg,"[254.23, 266.65, 36.14, 104.58]",0.9500696361064911,0
1708418269293561117_front_medium.jpg,"[1320.1, 290.46, 34.42, 98.71]",0.9329414069652557,0
1708418269293561117_left_forward.jpg,"[1558.31, 342.74, 30.11, 72.84]",0.9330103397369385,0
1708418269293561117_right_forward.jpg,"[76.44, 359.76, 28.72, 70.77]",0.9337350726127625,0
1708418269405643430_front_medium.jpg,"[251.36, 265.85, 36.32, 105.48]",0.9498484432697296,0
1708418269405643430_front_medium.jpg,"[1324.08, 290.33, 34.61, 99.08]",0.9474145174026489,0
1708418269405643430_left_forward.jpg,"[1556.21, 342.58, 30.2, 73.07]",0.9270030856132507,0
1708418269405643430_right_forward.jpg,"[78.73, 359.39, 28.37, 71.07]",0.9384882152080536,0
1708418269540140805_front_medium.jpg,"[1330.74, 288.27, 35.32, 99.64]",0.9565284848213196,0
1708418269540140805_front_medium.jpg,"[247.39, 263.83, 36.93, 106.23]",0.9561798870563507,0
1708418269540140805_left_forward.jpg,"[1554.02, 341.43, 30.11, 73.69]",0.9312393665313721,0
1708418269540140805_right_forward.jpg,"[84.09, 358.36, 27.81, 71.28]",0.9364039599895477,0
1708418269809130055_front_medium.jpg,"[238.2, 257.55, 38.51, 108.31]",0.9471253752708435,0
1708418269809130055_front_medium.jpg,"[1350.28, 281.35, 36.11, 104.24]",0.9420790672302246,0
1708418269809130055_left_forward.jpg,"[1548.34, 338.22, 31.21, 75.24]",0.9321801066398621,0
1708418269809130055_right_forward.jpg,"[93.28, 356.35, 27.95, 71.6]",0.9411591589450836,0
1708418269943625930_front_medium.jpg,"[232.66, 254.06, 38.93, 111.24]",0.9554959237575531,0
1708418269943625930_front_medium.jpg,"[1363.77, 278.09, 37.24, 106.9]",0.9471523761749268,0
1708418269943625930_left_forward.jpg,"[1544.77, 336.11, 30.89, 76.36]",0.9416879117488861,0
1708418269943625930_right_forward.jpg,"[107.13, 353.62, 27.69, 72.26]",0.9354988038539886,0
1708418270145376937_front_medium.jpg,"[222.15, 251.16, 40.53, 114.25]",0.9586742520332336,0
1708418270145376937_front_medium.jpg,"[1387.02, 273.55, 38.59, 109.42]",0.9438731074333191,0
1708418270145376937_left_forward.jpg,"[1538.66, 334.95, 31.67, 77.44]",0.9370343685150146,0
1708418270145376937_right_forward.jpg,"[122.13, 352.99, 28.88, 73.82]",0.9399817585945129,0
1708418270481610849_front_medium.jpg,"[197.3, 235.59, 43.64, 122.24]",0.9618471264839172,0
1708418270481610849_front_medium.jpg,"[1437.83, 261.71, 40.88, 117.56]",0.9570157527923584,0
1708418270481610849_left_forward.jpg,"[1529.56, 328.7, 32.46, 79.47]",0.9406051933765411,0
1708418270481610849_right_forward.jpg,"[146.71, 349.34, 29.16, 75.47]",0.942515641450882,0
1708418270571273459_front_medium.jpg,"[187.68, 231.2, 44.62, 123.71]",0.9610167145729065,0
1708418270571273459_front_medium.jpg,"[1453.06, 256.92, 42.89, 119.9]",0.9525029361248016,0
1708418270571273459_left_forward.jpg,"[1516.22, 324.85, 33.9, 82.79]",0.9479057192802429,0
1708418270571273459_right_forward.jpg,"[166.05, 345.93, 28.52, 76.44]",0.9396094679832458,0
1708418270840262788_front_medium.jpg,"[154.12, 217.63, 47.58, 131.65]",0.9661856889724731,0
1708418270840262788_front_medium.jpg,"[1505.97, 244.71, 46.82, 128.91]",0.9605878293514252,0
1708418270840262788_left_forward.jpg,"[1500.44, 320.46, 34.66, 84.9]",0.9532331228256226,0
1708418270840262788_right_forward.jpg,"[192.95, 342.5, 29.88, 79.25]",0.9341768324375153,0
1708418271086841590_front_medium.jpg,"[115.0, 199.67, 51.46, 140.16]",0.9540998339653015,0
1708418271086841590_front_medium.jpg,"[1568.02, 229.29, 51.34, 133.75]",0.9441977441310883,0
1708418271086841590_left_forward.jpg,"[1476.86, 313.03, 36.25, 89.06]",0.9544347524642944,0
1708418271086841590_right_forward.jpg,"[223.46, 337.21, 30.16, 81.21]",0.9377245903015137,0
1708418271266171886_front_medium.jpg,"[79.54, 186.5, 55.88, 148.82]",0.9529789388179779,0
1708418271266171886_left_forward.jpg,"[1464.76, 309.86, 37.53, 90.28]",0.9478967785835266,0
1708418271266171886_right_forward.jpg,"[266.38, 332.27, 30.76, 85.03]",0.9466720819473267,0
1708418271378238705_front_medium.jpg,"[53.96, 176.66, 58.18, 154.55]",0.9542229473590851,0
1708418271378238705_left_forward.jpg,"[1445.76, 305.46, 37.75, 93.45]",0.951233446598053,0
1708418271378238705_right_forward.jpg,"[282.36, 329.47, 30.57, 85.67]",0.9525340497493744,0
1708418271579983180_front_medium.jpg,"[14.58, 156.97, 29.11, 164.14]",0.8961929976940155,0
1708418271579983180_left_forward.jpg,"[1403.05, 293.6, 39.54, 100.38]",0.9323528409004211,0
1708418271579983180_right_forward.jpg,"[302.82, 326.6, 30.57, 86.58]",0.9392167925834656,0
1708418271692067499_left_forward.jpg,"[1394.94, 292.42, 39.78, 101.41]",0.9498986005783081,0
1708418271692067499_right_forward.jpg,"[325.07, 325.28, 31.3, 88.67]",0.9388559460639954,0
1708418271893818473_left_forward.jpg,"[1359.65, 283.8, 41.57, 105.79]",0.9410587549209595,0
1708418271893818473_right_forward.jpg,"[369.15, 317.63, 32.12, 93.42]",0.9415669441223145,0
1708418272028330957_left_forward.jpg,"[1334.97, 278.95, 40.92, 108.84]",0.9459409117698669,0
1708418272028330957_right_forward.jpg,"[407.6, 310.85, 32.75, 96.52]",0.9430439472198486,0
1708418272230091948_left_forward.jpg,"[1283.72, 265.91, 43.19, 115.87]",0.9533143043518066,0
1708418272230091948_right_forward.jpg,"[431.83, 306.63, 32.18, 98.62]",0.9126640856266022,0
1708418272454259412_left_forward.jpg,"[1223.61, 249.99, 44.42, 123.89]",0.935087263584137,0
1708418272454259412_left_forward.jpg,"[645.2, 387.47, 9.74, 25.78]",0.2946736812591553,0
1708418272454259412_right_forward.jpg,"[506.83, 291.88, 33.45, 106.84]",0.9494417309761047,0
1708418272633589183_left_forward.jpg,"[1170.19, 235.59, 44.79, 131.23]",0.9564498960971832,0
1708418272633589183_right_forward.jpg,"[580.75, 280.19, 34.78, 113.85]",0.9560929834842682,0
1708418272633589183_right_forward.jpg,"[586.89, 290.69, 21.71, 89.79]",0.3553311228752136,0
1708418272633589183_right_forward.jpg,"[132.11, 432.74, 7.95, 18.86]",0.28058862686157227,0
1708418272678421876_left_forward.jpg,"[1031.53, 202.82, 46.67, 148.49]",0.926862895488739,0
1708418272678421876_left_forward.jpg,"[1016.93, 217.1, 14.14, 116.83]",0.3554919362068176,0
1708418272678421876_left_forward.jpg,"[558.06, 382.0, 11.31, 28.38]",0.33946317434310913,0
1708418272678421876_right_forward.jpg,"[723.34, 256.24, 35.86, 127.31]",0.940413236618042,0
1708418272700839473_left_forward.jpg,"[1017.91, 200.24, 50.93, 152.95]",0.9375205636024475,0
1708418272700839473_left_forward.jpg,"[1021.32, 229.78, 40.45, 90.56]",0.2975570559501648,0
1708418272700839473_left_forward.jpg,"[1012.31, 206.03, 23.23, 133.77]",0.22334513068199158,0
1708418272700839473_right_forward.jpg,"[735.41, 254.22, 36.15, 128.2]",0.9332116842269897,0
1708418272723255569_left_forward.jpg,"[970.69, 196.98, 43.63, 140.57]",0.8600455820560455,0
1708418272723255569_left_forward.jpg,"[534.61, 384.51, 11.07, 29.15]",0.36860015988349915,0
1708418272723255569_right_forward.jpg,"[712.5, 258.3, 37.09, 127.75]",0.9433861970901489,0
1708418272812921455_left_forward.jpg,"[1116.09, 223.66, 45.73, 132.65]",0.9416546523571014,0
1708418272812921455_left_forward.jpg,"[593.33, 383.86, 12.71, 27.78]",0.49218863248825073,0
1708418272812921455_right_forward.jpg,"[646.73, 269.22, 34.13, 120.27]",0.9495282769203186,0
1708418272947429033_left_forward.jpg,"[1106.84, 220.33, 44.4, 138.7]",0.9511731863021851,0
1708418272947429033_left_forward.jpg,"[588.78, 383.34, 11.58, 27.69]",0.5286529660224915,0
1708418272947429033_right_forward.jpg,"[712.5, 258.3, 37.09, 127.75]",0.9433861970901489,0
1708418273014684823_left_forward.jpg,"[468.89, 378.9, 12.16, 29.48]",0.7912614047527313,0
1708418273014684823_left_forward.jpg,"[863.55, 171.33, 48.91, 121.77]",0.30912545323371887,2
1708418273014684823_right_forward.jpg,"[883.34, 227.63, 36.62, 140.26]",0.910749077796936,0
1708418273171615238_left_forward.jpg,"[915.12, 188.94, 41.99, 136.17]",0.5359441637992859,0
1708418273171615238_right_forward.jpg,"[772.35, 249.63, 37.46, 127.36]",0.9134103655815125,0
1708418273171615238_right_forward.jpg,"[458.94, 403.53, 9.83, 26.53]",0.23985834419727325,0
1708418273194038879_left_forward.jpg,"[490.33, 382.54, 12.83, 29.16]",0.6243779808282852,0
1708418273194038879_left_forward.jpg,"[931.82, 189.34, 47.54, 110.94]",0.21516521275043488,1
1708418273194038879_right_forward.jpg,"[825.17, 239.28, 38.81, 133.67]",0.9270431399345398,0
1708418273194038879_right_forward.jpg,"[471.27, 402.5, 9.84, 26.78]",0.2998208701610565,0
1708418273373378504_left_forward.jpg,"[479.62, 380.99, 13.28, 29.63]",0.5815374851226807,0
1708418273373378504_right_forward.jpg,"[968.38, 219.94, 36.77, 134.12]",0.4154033660888672,0
1708418273373378504_right_forward.jpg,"[888.64, 239.17, 35.4, 100.65]",0.2666577994823456,1
1708418273418209785_left_forward.jpg,"[664.56, 115.57, 62.15, 144.05]",0.6918369680643082,1
1708418273418209785_left_forward.jpg,"[416.42, 371.66, 13.95, 32.05]",0.47802235186100006,0
1708418273418209785_right_forward.jpg,"[1100.2, 211.96, 45.91, 115.14]",0.7777338624000549,1
1708418273418209785_right_forward.jpg,"[1201.32, 185.04, 54.94, 150.57]",0.3025153875350952,0
1708418273418209785_right_rearward.jpg,"[204.91, 133.72, 74.39, 143.19]",0.6165293455123901,1
1708418273418209785_right_rearward.jpg,"[206.27, 134.7, 77.08, 142.44]",0.2017805278301239,7
1708418273552710129_left_forward.jpg,"[437.76, 372.59, 12.86, 30.18]",0.6272065043449402,0
1708418273552710129_left_forward.jpg,"[751.75, 135.14, 57.18, 136.54]",0.44200292229652405,1
1708418273552710129_right_forward.jpg,"[1011.48, 228.73, 31.53, 106.47]",0.6840032637119293,1
1708418273552710129_right_forward.jpg,"[1115.64, 190.09, 62.54, 159.73]",0.42510801553726196,0
1708418273552710129_right_rearward.jpg,"[177.05, 128.25, 80.32, 144.86]",0.6496000289916992,1
1708418273552710129_right_rearward.jpg,"[175.03, 125.58, 78.96, 149.28]",0.2297753244638443,7
1708418273664799833_left_forward.jpg,"[618.3, 103.81, 67.51, 150.12]",0.7038278728723526,1
1708418273664799833_left_forward.jpg,"[406.03, 371.94, 12.93, 31.04]",0.5722465515136719,0
1708418273664799833_right_forward.jpg,"[1100.2, 211.96, 45.91, 115.14]",0.7777338624000549,1
1708418273664799833_right_forward.jpg,"[1201.32, 185.04, 54.94, 150.57]",0.3025153875350952,0
1708418278012734123_front_medium.jpg,"[80.85, 422.17, 6.5, 13.79]",0.2969476953148842,2
1708418278124857427_front_medium.jpg,"[149.54, 434.56, 7.0, 11.09]",0.26012977957725525,2
1708418278169722748_front_medium.jpg,"[272.58, 437.68, 5.55, 10.88]",0.27482491731643677,2
1708418278169722748_front_medium.jpg,"[176.69, 434.07, 6.02, 11.22]",0.2535613775253296,2
1708418278326732374_front_medium.jpg,"[354.38, 436.53, 5.42, 12.01]",0.26917511224746704,2
1708418278349171534_front_medium.jpg,"[273.49, 422.13, 6.31, 14.38]",0.2806175798177719,2
1708418278349171534_front_medium.jpg,"[366.01, 436.75, 4.89, 10.66]",0.21882930397987366,2
1708418278506161660_front_medium.jpg,"[439.53, 430.84, 5.21, 11.4]",0.28709492087364197,2
1708418278573448142_front_medium.jpg,"[468.49, 432.71, 4.89, 11.52]",0.3044874668121338,2
1708418278573448142_front_medium.jpg,"[378.96, 416.4, 5.16, 12.59]",0.22417110204696655,7
1708418278752864928_front_medium.jpg,"[451.11, 419.95, 6.08, 11.87]",0.4542171210050583,2
1708418278775281089_front_medium.jpg,"[548.61, 430.55, 5.65, 14.26]",0.32336685061454773,1
1708418278909855053_front_medium.jpg,"[599.56, 426.24, 4.76, 12.82]",0.3127773553133011,1
1708418279044413018_front_medium.jpg,"[559.8, 413.67, 5.72, 14.67]",0.40038080513477325,7
1708418279044413018_front_medium.jpg,"[648.41, 427.91, 5.04, 13.01]",0.24861831963062286,1
1708418279291121789_front_medium.jpg,"[630.21, 415.56, 5.74, 12.32]",0.45228633284568787,2
1708418279291121789_front_medium.jpg,"[719.35, 430.74, 4.96, 11.35]",0.2353062480688095,2
1708418279380810932_front_medium.jpg,"[737.87, 429.8, 4.66, 11.66]",0.35603637993335724,2
1708418279380810932_front_medium.jpg,"[648.59, 413.51, 5.61, 12.56]",0.27663475275039673,2
1708418279470500076_front_medium.jpg,"[753.74, 423.92, 6.21, 15.12]",0.26753586530685425,1
1708418279649838863_front_medium.jpg,"[779.55, 416.5, 5.13, 13.49]",0.37273818254470825,1
1708418279649838863_front_medium.jpg,"[688.89, 403.91, 5.9, 12.25]",0.29092803597450256,2
1708418279649838863_front_medium.jpg,"[698.36, 420.55, 4.49, 9.74]",0.26978103071451187,2
1708418279694656685_front_medium.jpg,"[785.7, 416.89, 5.58, 12.6]",0.35153117775917053,2
1708418279694656685_front_medium.jpg,"[785.31, 412.81, 5.7, 15.45]",0.31084534525871277,1
1708418279717072846_front_medium.jpg,"[696.73, 399.99, 5.67, 12.28]",0.3639909401535988,2
1708418279717072846_left_rearward.jpg,"[60.74, 469.77, 3.17, 7.25]",0.2243177443742752,1
1708418279873970472_front_medium.jpg,"[712.76, 400.78, 5.65, 11.58]",0.5792816430330276,2
1708418279873970472_front_medium.jpg,"[805.03, 414.3, 5.69, 16.78]",0.5132304430007935,1
1708418279963651626_front_medium.jpg,"[816.29, 422.47, 5.19, 11.8]",0.2723037004470825,2
1708418279963651626_front_medium.jpg,"[723.61, 421.02, 6.12, 11.16]",0.2514779269695282,2
1708418280098191653_front_medium.jpg,"[832.07, 426.51, 5.33, 12.02]",0.21954859793186188,2
1708418280098191653_left_rearward.jpg,"[929.5, 395.11, 13.38, 38.78]",0.7045561373233795,1
1708418280143029995_front_medium.jpg,"[836.58, 426.05, 5.1, 12.1]",0.3125587999820709,2
1708418280143029995_front_medium.jpg,"[741.44, 408.71, 5.92, 12.72]",0.2717340588569641,2
1708418280143029995_front_medium.jpg,"[741.1, 422.21, 6.46, 13.41]",0.24925866723060608,2
1708418280143029995_front_medium.jpg,"[836.2, 424.25, 5.62, 14.15]",0.23657067120075226,1
1708418280277525022_front_medium.jpg,"[848.26, 423.7, 5.77, 15.2]",0.5767841935157776,1
1708418280277525022_front_medium.jpg,"[751.5, 409.27, 6.24, 12.69]",0.39891283214092255,2
1708418280277525022_front_medium.jpg,"[848.66, 425.29, 5.74, 12.82]",0.32181453704833984,2
1708418280277525022_left_rearward.jpg,"[1034.17, 398.03, 16.41, 43.83]",0.6341114044189453,1
1708418280322357864_front_medium.jpg,"[851.35, 428.99, 5.88, 15.04]",0.3283311128616333,1
1708418280322357864_front_medium.jpg,"[851.8, 429.67, 5.57, 13.08]",0.29435843229293823,2
1708418280322357864_front_medium.jpg,"[754.2, 414.87, 6.29, 14.75]",0.22793367505073547,2
1708418280322357864_left_rearward.jpg,"[860.63, 410.14, 12.23, 36.68]",0.8537328243255615,1
1708418280322357864_left_rearward.jpg,"[578.75, 380.18, 5.51, 42.51]",0.260192334651947,1
1708418280524172904_front_medium.jpg,"[862.23, 445.62, 5.76, 13.11]",0.43561121821403503,2
1708418280524172904_front_medium.jpg,"[763.21, 443.82, 5.91, 11.57]",0.2887208014726639,2
1708418280524172904_left_rearward.jpg,"[787.65, 412.9, 11.45, 34.09]",0.894682914018631,1
1708418280524172904_left_rearward.jpg,"[599.62, 438.56, 5.37, 13.39]",0.3086708188056946,0
1708418280524172904_rear_wide.jpg,"[641.55, 546.87, 5.96, 15.71]",0.28691811114549637,7
1708418280972440225_front_medium.jpg,"[874.21, 427.09, 6.16, 14.69]",0.5985011011362076,2
1708418280972440225_front_medium.jpg,"[769.6, 409.9, 6.13, 12.95]",0.4028678834438324,2
1708418280972440225_left_rearward.jpg,"[753.6, 413.7, 10.8, 33.06]",0.8984306752681732,1
1708418280972440225_left_rearward.jpg,"[582.65, 438.75, 5.25, 13.22]",0.2927742898464203,0
1708418280972440225_rear_wide.jpg,"[652.64, 545.72, 5.66, 15.36]",0.32850486785173416,7
1708418281219020138_front_medium.jpg,"[878.4, 414.72, 6.39, 14.14]",0.7453131973743439,2
1708418281219020138_front_medium.jpg,"[771.4, 413.62, 6.74, 13.21]",0.2228344827890396,2
1708418281219020138_left_rearward.jpg,"[723.46, 421.92, 11.2, 32.64]",0.9035055041313171,1
1708418281219020138_rear_wide.jpg,"[658.65, 547.72, 5.93, 16.46]",0.4363468587398529,7
1708418281443213923_front_medium.jpg,"[880.28, 415.3, 6.55, 18.19]",0.5772050768136978,1
1708418281443213923_left_rearward.jpg,"[622.94, 423.28, 10.07, 29.18]",0.919211357831955,1
1708418281443213923_left_rearward.jpg,"[366.07, 404.81, 11.76, 33.85]",0.3936121165752411,1
1708418281443213923_rear_wide.jpg,"[664.27, 549.71, 5.75, 16.21]",0.570573091506958,7
1708418281443213923_rear_wide.jpg,"[1549.08, 496.09, 15.63, 37.86]",0.5240577310323715,1
1708418281443213923_rear_wide.jpg,"[1202.55, 494.24, 13.88, 34.82]",0.5033369958400726,1
1708418281532884437_front_medium.jpg,"[881.39, 416.04, 6.2, 14.23]",0.5492748767137527,2
1708418281532884437_front_medium.jpg,"[769.48, 414.33, 6.71, 13.23]",0.37757380306720734,2
1708418281532884437_front_medium.jpg,"[769.47, 397.19, 6.86, 14.66]",0.3101791739463806,2
1708418281532884437_front_medium.jpg,"[880.54, 414.56, 6.0, 15.68]",0.24873212724924088,1
1708418281532884437_front_medium.jpg,"[780.13, 417.11, 5.95, 11.47]",0.22252200543880463,2
1708418281532884437_left_rearward.jpg,"[564.6, 424.35, 8.96, 26.65]",0.8604896664619446,1
1708418281532884437_left_rearward.jpg,"[316.9, 407.06, 11.61, 31.6]",0.6068897098302841,1
1708418281532884437_rear_wide.jpg,"[1442.54, 501.71, 12.78, 33.46]",0.7265798896551132,1
1708418281532884437_rear_wide.jpg,"[1147.99, 499.66, 10.46, 29.77]",0.596997857093811,1
1708418281757066222_front_medium.jpg,"[881.16, 420.22, 6.52, 14.79]",0.33350759744644165,2
1708418281757066222_front_medium.jpg,"[880.02, 416.1, 6.95, 19.34]",0.30912187695503235,1
1708418281757066222_front_medium.jpg,"[880.89, 419.7, 6.15, 15.53]",0.305204875767231,1
1708418281757066222_front_medium.jpg,"[765.77, 418.23, 6.42, 13.92]",0.20115582644939423,2
1708418281757066222_left_rearward.jpg,"[526.81, 426.59, 9.14, 26.84]",0.865547776222229,1
1708418281757066222_left_rearward.jpg,"[287.14, 409.4, 10.93, 27.73]",0.38189274072647095,1
1708418281757066222_rear_wide.jpg,"[1375.49, 508.91, 11.25, 30.47]",0.8527462184429169,1
1708418281757066222_rear_wide.jpg,"[1113.24, 504.13, 9.21, 26.84]",0.5791202783584595,1
1708418282205439599_front_medium.jpg,"[878.57, 422.47, 6.92, 15.81]",0.6143957376480103,2
1708418282205439599_front_medium.jpg,"[756.72, 404.35, 7.81, 18.22]",0.43173855543136597,2
1708418282205439599_left_rearward.jpg,"[519.58, 427.87, 8.81, 25.55]",0.7977097034454346,1
1708418282205439599_left_rearward.jpg,"[281.45, 410.65, 11.82, 30.86]",0.5081233084201813,1
1708418282205439599_rear_wide.jpg,"[1086.3, 513.24, 9.44, 25.73]",0.5539443343877792,1
1708418282205439599_rear_wide.jpg,"[1323.38, 518.37, 9.85, 27.49]",0.49881966412067413,1
1708418282474444911_front_medium.jpg,"[880.86, 411.54, 7.2, 16.07]",0.6752704828977585,2
1708418282474444911_front_medium.jpg,"[880.64, 409.92, 6.85, 17.92]",0.3972281813621521,1
1708418282474444911_left_rearward.jpg,"[468.13, 435.65, 8.36, 23.57]",0.6942530125379562,1
1708418282474444911_left_rearward.jpg,"[241.43, 422.37, 11.59, 26.54]",0.22620749473571777,1
1708418282474444911_rear_wide.jpg,"[1281.85, 525.43, 8.78, 25.15]",0.4244721829891205,1
1708418282474444911_rear_wide.jpg,"[1064.72, 521.2, 8.16, 21.89]",0.31231628358364105,1
1708418282653782119_front_medium.jpg,"[884.5, 409.82, 7.24, 16.22]",0.6496838182210922,2
1708418282653782119_front_medium.jpg,"[884.03, 408.69, 6.5, 17.41]",0.33982032537460327,1
1708418282653782119_front_medium.jpg,"[756.02, 407.87, 7.48, 15.55]",0.23962152004241943,2
1708418282653782119_front_medium.jpg,"[755.31, 388.72, 7.9, 16.22]",0.2320042997598648,2
1708418282653782119_left_rearward.jpg,"[440.4, 433.49, 7.78, 22.24]",0.5054500102996826,1
1708418282653782119_left_rearward.jpg,"[221.21, 420.16, 10.39, 26.1]",0.36469927430152893,1
1708418282653782119_left_rearward.jpg,"[52.2, 461.44, 2.88, 6.5]",0.21513791382312775,8
1708418282653782119_rear_wide.jpg,"[685.32, 546.44, 4.74, 12.27]",0.4582561254501343,7
1708418282653782119_rear_wide.jpg,"[1248.66, 522.05, 8.06, 24.07]",0.4570375978946686,1
1708418282653782119_rear_wide.jpg,"[1047.94, 518.14, 7.48, 20.44]",0.3231167569756508,1
1708418282698622421_front_medium.jpg,"[885.52, 411.88, 7.35, 16.74]",0.7546411156654358,2
1708418282698622421_front_medium.jpg,"[885.04, 411.54, 6.29, 16.37]",0.20533640682697296,1
1708418282698622421_left_rearward.jpg,"[414.11, 437.11, 7.68, 21.27]",0.6213659644126892,1
1708418282698622421_rear_wide.jpg,"[689.68, 548.67, 5.0, 12.52]",0.5156804323196411,7
1708418282698622421_rear_wide.jpg,"[1032.1, 523.52, 7.12, 19.79]",0.2616833746433258,1
1708418282810719176_front_medium.jpg,"[888.19, 416.76, 7.49, 17.24]",0.6389849781990051,2
1708418282810719176_front_medium.jpg,"[756.28, 416.09, 8.24, 15.52]",0.30419929325580597,2
1708418282810719176_left_rearward.jpg,"[403.21, 438.14, 7.61, 21.19]",0.31825143098831177,1
1708418282810719176_rear_wide.jpg,"[1021.31, 524.92, 6.82, 19.59]",0.74242003262043,1
1708418282810719176_rear_wide.jpg,"[693.27, 547.23, 4.53, 11.48]",0.2213241159915924,7
1708418282810719176_rear_wide.jpg,"[1198.19, 528.38, 7.19, 21.01]",0.20739655196666718,1
1708418283146908437_front_medium.jpg,"[893.87, 413.74, 7.94, 18.01]",0.6599090695381165,2
1708418283146908437_front_medium.jpg,"[893.7, 413.28, 6.94, 17.53]",0.2986047565937042,1
1708418283146908437_front_medium.jpg,"[756.52, 412.07, 7.92, 16.49]",0.24880832433700562,2
1708418283146908437_rear_wide.jpg,"[1009.94, 527.32, 6.66, 17.31]",0.28806525468826294,1
1708418283146908437_rear_wide.jpg,"[1177.6, 531.3, 6.91, 20.04]",0.2236296832561493,1
1708418283348632671_front_medium.jpg,"[896.89, 414.62, 8.17, 18.36]",0.6973467171192169,2
1708418283348632671_front_medium.jpg,"[896.99, 414.13, 7.37, 19.03]",0.4305635690689087,1
1708418283348632671_front_medium.jpg,"[766.24, 417.49, 8.07, 15.36]",0.3637052848935127,2
1708418283348632671_left_rearward.jpg,"[359.04, 434.49, 6.67, 19.26]",0.5041952729225159,1
1708418283348632671_rear_wide.jpg,"[999.53, 526.11, 6.0, 16.92]",0.36400627344846725,1
1708418283617643982_front_medium.jpg,"[897.76, 413.99, 8.73, 18.95]",0.7980435490608215,2
1708418283617643982_front_medium.jpg,"[897.56, 413.57, 7.84, 19.79]",0.4935988187789917,1
1708418283617643982_front_medium.jpg,"[750.16, 391.15, 9.87, 19.17]",0.2304912805557251,2
1708418283617643982_left_rearward.jpg,"[346.06, 445.81, 6.92, 19.42]",0.554439127445221,1
1708418283617643982_rear_wide.jpg,"[993.01, 523.22, 6.08, 16.31]",0.5565553307533264,1
1708418283617643982_rear_wide.jpg,"[697.41, 541.74, 4.97, 13.3]",0.3066825568675995,7
1708418283617643982_rear_wide.jpg,"[1146.61, 527.92, 6.46, 19.08]",0.2947894334793091,1
1708418283976409261_front_medium.jpg,"[901.72, 404.74, 8.91, 19.07]",0.8684923052787781,2
1708418283976409261_front_medium.jpg,"[746.62, 381.55, 10.05, 20.07]",0.5349886268377304,2
1708418283976409261_front_medium.jpg,"[757.13, 408.43, 8.25, 16.78]",0.23671700060367584,2
1708418283976409261_left_rearward.jpg,"[329.91, 448.27, 6.73, 18.36]",0.3612590730190277,1
1708418283976409261_left_rearward.jpg,"[140.2, 436.85, 7.01, 18.78]",0.32907015085220337,1
1708418283976409261_left_rearward.jpg,"[319.97, 455.76, 5.18, 13.54]",0.2550572454929352,0
1708418283976409261_rear_wide.jpg,"[981.04, 535.37, 5.69, 15.89]",0.6849096268415451,1
1708418283976409261_rear_wide.jpg,"[1125.37, 539.73, 6.06, 17.54]",0.654032438993454,1
1708418283976409261_rear_wide.jpg,"[700.63, 550.63, 4.08, 10.27]",0.23888392746448517,1
1708418284200558563_front_medium.jpg,"[905.44, 409.59, 9.62, 20.19]",0.8652584552764893,2
1708418284200558563_front_medium.jpg,"[745.26, 384.02, 9.79, 19.51]",0.3566380441188812,2
1708418284200558563_front_medium.jpg,"[755.63, 413.51, 7.63, 15.06]",0.2110849916934967,2
1708418284447168095_front_medium.jpg,"[910.77, 417.96, 9.8, 20.45]",0.8989658653736115,2
1708418284447168095_front_medium.jpg,"[744.24, 391.9, 10.67, 20.56]",0.5212479829788208,2
1708418284447168095_front_medium.jpg,"[744.38, 417.29, 10.28, 20.16]",0.3050328344106674,2
1708418284447168095_front_medium.jpg,"[755.5, 421.96, 7.94, 16.04]",0.2939995899796486,2
1708418284536818515_front_medium.jpg,"[912.94, 415.81, 10.29, 21.4]",0.8808726668357849,2
1708418284536818515_front_medium.jpg,"[744.04, 389.46, 11.03, 21.99]",0.47254782915115356,2
1708418284536818515_front_medium.jpg,"[744.32, 414.73, 10.23, 19.87]",0.38461852073669434,2
1708418284536818515_front_medium.jpg,"[755.2, 420.1, 8.19, 16.22]",0.33810150623321533,2
1708418284536818515_left_rearward.jpg,"[286.08, 443.65, 6.41, 16.34]",0.2893368601799011,3
1708418284738522086_front_medium.jpg,"[917.77, 413.7, 10.25, 21.66]",0.9084203839302063,2
1708418284738522086_front_medium.jpg,"[743.69, 410.87, 10.79, 21.08]",0.6314540952444077,2
1708418284738522086_front_medium.jpg,"[743.42, 384.63, 10.93, 21.66]",0.5958479046821594,2
1708418284738522086_front_medium.jpg,"[757.65, 417.67, 9.84, 16.53]",0.2953057587146759,2
1708418284738522086_left_rearward.jpg,"[136.47, 439.42, 7.39, 18.65]",0.3560662269592285,8
1708418284738522086_left_rearward.jpg,"[268.61, 450.93, 7.22, 20.16]",0.23809108138084412,3
1708418284985081519_front_medium.jpg,"[923.31, 404.79, 10.91, 22.8]",0.9014516472816467,2
1708418284985081519_front_medium.jpg,"[741.67, 374.11, 11.43, 22.42]",0.5077794939279556,2
1708418284985081519_front_medium.jpg,"[742.19, 401.3, 11.0, 22.59]",0.41714729368686676,2
1708418284985081519_front_medium.jpg,"[753.69, 408.79, 8.35, 16.56]",0.343452513217926,2
1708418284985081519_left_rearward.jpg,"[95.69, 442.0, 6.14, 16.68]",0.4665731191635132,0
1708418284985081519_left_rearward.jpg,"[265.81, 449.83, 5.67, 16.67]",0.39079156517982483,0
1708418284985081519_rear_wide.jpg,"[944.64, 536.73, 4.46, 12.98]",0.7638765871524811,0
1708418284985081519_rear_wide.jpg,"[1059.6, 538.79, 4.96, 14.51]",0.46166521310806274,0
1708418285209228670_front_medium.jpg,"[928.24, 398.64, 11.27, 23.4]",0.8651025295257568,2
1708418285209228670_front_medium.jpg,"[739.04, 366.04, 11.63, 23.15]",0.8022993206977844,2
1708418285209228670_front_medium.jpg,"[739.55, 394.82, 11.65, 23.1]",0.7865438461303711,2
1708418285209228670_left_rearward.jpg,"[240.08, 442.34, 5.68, 15.9]",0.599212646484375,0
1708418285209228670_left_rearward.jpg,"[77.85, 435.15, 6.46, 16.35]",0.5885543972253799,0
1708418285209228670_rear_wide.jpg,"[938.55, 534.43, 4.33, 12.36]",0.7603358924388885,0
1708418285209228670_rear_wide.jpg,"[1049.1, 536.22, 4.58, 13.3]",0.4517999142408371,0
1708418285500664466_front_medium.jpg,"[934.11, 408.77, 12.06, 24.6]",0.914108544588089,2
1708418285500664466_front_medium.jpg,"[735.41, 374.38, 12.64, 24.66]",0.8217960298061371,2
1708418285500664466_front_medium.jpg,"[735.51, 404.57, 12.09, 23.87]",0.7205986976623535,2
1708418285500664466_left_rearward.jpg,"[229.23, 441.75, 5.28, 14.76]",0.5953201800584793,0
1708418285500664466_left_rearward.jpg,"[69.73, 434.24, 5.91, 14.9]",0.30219998955726624,0
1708418285500664466_rear_wide.jpg,"[933.68, 535.78, 4.44, 12.38]",0.746288537979126,0
1708418285500664466_rear_wide.jpg,"[1040.64, 538.11, 4.35, 12.46]",0.2876560389995575,0
1708418285702433402_front_medium.jpg,"[731.9, 369.96, 12.87, 25.57]",0.8888232707977295,2
1708418285702433402_front_medium.jpg,"[938.29, 406.26, 12.14, 25.48]",0.8836762011051178,2
1708418285702433402_front_medium.jpg,"[732.19, 401.26, 12.19, 25.09]",0.6957515180110931,2
1708418285702433402_front_medium.jpg,"[746.79, 411.25, 9.04, 18.77]",0.3150055408477783,2
1708418285702433402_left_rearward.jpg,"[226.61, 441.35, 5.2, 14.39]",0.5407653450965881,0
1708418285702433402_left_rearward.jpg,"[67.85, 433.97, 5.95, 15.18]",0.4535848796367645,0
1708418285702433402_left_rearward.jpg,"[108.65, 434.26, 7.11, 14.28]",0.20561164617538452,2
1708418285702433402_rear_wide.jpg,"[932.47, 535.8, 4.42, 12.41]",0.7333866655826569,0
1708418285702433402_rear_wide.jpg,"[1038.7, 537.7, 4.54, 13.13]",0.33672282099723816,0
1708418285971449468_front_medium.jpg,"[943.93, 405.87, 13.38, 27.28]",0.9250307679176331,2
1708418285971449468_front_medium.jpg,"[726.47, 368.35, 13.69, 26.31]",0.9168559312820435,2
1708418285971449468_front_medium.jpg,"[726.76, 401.02, 13.35, 26.55]",0.8592118620872498,2
1708418285971449468_front_medium.jpg,"[742.78, 409.71, 10.01, 21.82]",0.294577918946743,2
1708418285971449468_left_rearward.jpg,"[218.22, 440.39, 5.56, 14.84]",0.6255515813827515,0
1708418285971449468_left_rearward.jpg,"[60.9, 433.07, 6.28, 15.69]",0.5651771128177643,0
1708418285971449468_rear_wide.jpg,"[924.17, 535.98, 4.39, 12.62]",0.727628543972969,0
1708418285971449468_rear_wide.jpg,"[1025.66, 537.43, 4.65, 13.27]",0.4254932105541229,0
1708418286218053308_front_medium.jpg,"[947.73, 403.27, 13.46, 28.24]",0.9136233329772949,2
1708418286218053308_front_medium.jpg,"[719.34, 398.13, 13.74, 27.57]",0.883334755897522,2
1708418286218053308_front_medium.jpg,"[719.01, 363.5, 14.33, 28.51]",0.7193999290466309,2
1708418286218053308_front_medium.jpg,"[736.64, 410.51, 9.94, 19.85]",0.36974143981933594,2
1708418286218053308_left_rearward.jpg,"[195.31, 446.67, 5.44, 14.66]",0.6875980049371719,0
1708418286218053308_left_rearward.jpg,"[42.32, 439.08, 6.26, 15.52]",0.5176931619644165,0
1708418286218053308_rear_wide.jpg,"[918.22, 539.3, 4.29, 12.12]",0.72020123898983,0
1708418286218053308_rear_wide.jpg,"[1016.75, 540.89, 4.41, 12.86]",0.6540855020284653,0
1708418286599133925_front_medium.jpg,"[702.31, 350.23, 15.7, 30.68]",0.9175066351890564,2
1708418286599133925_front_medium.jpg,"[951.41, 394.04, 14.87, 29.96]",0.9108672738075256,2
1708418286599133925_front_medium.jpg,"[702.91, 388.22, 14.96, 30.03]",0.7939184904098511,2
1708418286599133925_front_medium.jpg,"[723.06, 403.33, 10.82, 22.03]",0.3625432252883911,2
1708418286599133925_front_medium.jpg,"[736.29, 407.58, 8.28, 18.47]",0.21588321030139923,2
1708418286599133925_left_rearward.jpg,"[183.13, 445.47, 5.1, 13.93]",0.6949857473373413,0
1708418286599133925_left_rearward.jpg,"[31.97, 439.08, 6.2, 15.71]",0.6320780664682388,0
1708418286599133925_rear_wide.jpg,"[911.61, 541.13, 4.19, 11.52]",0.6793683171272278,0
1708418286599133925_rear_wide.jpg,"[1007.6, 543.47, 4.55, 12.47]",0.5922074317932129,0
1708418286688804776_front_medium.jpg,"[697.62, 350.7, 15.89, 31.56]",0.9301255345344543,2
1708418286688804776_front_medium.jpg,"[952.2, 395.4, 15.54, 30.77]",0.909647136926651,2
1708418286688804776_front_medium.jpg,"[698.2, 389.39, 15.62, 30.86]",0.8450077772140503,2
1708418286688804776_front_medium.jpg,"[719.45, 404.12, 11.16, 22.26]",0.6779815703630447,2
1708418286688804776_front_medium.jpg,"[732.58, 409.2, 10.17, 20.52]",0.5776065587997437,2
1708418286688804776_left_rearward.jpg,"[168.72, 443.06, 5.21, 13.79]",0.6337036192417145,0
1708418286688804776_left_rearward.jpg,"[20.52, 436.67, 5.72, 14.7]",0.454998716711998,0
1708418286688804776_rear_wide.jpg,"[902.91, 539.47, 3.91, 10.54]",0.646163821220398,0
1708418286688804776_rear_wide.jpg,"[994.74, 540.94, 4.55, 13.21]",0.5760336220264435,0
1708418286823315539_front_medium.jpg,"[954.04, 394.19, 15.59, 32.08]",0.9339285492897034,2
1708418286823315539_front_medium.jpg,"[691.91, 388.0, 16.64, 32.35]",0.9113186895847321,2
1708418286823315539_front_medium.jpg,"[690.94, 348.19, 16.5, 32.35]",0.9002631604671478,2
1708418286823315539_front_medium.jpg,"[728.05, 408.97, 10.14, 20.96]",0.6854583621025085,2
1708418286823315539_front_medium.jpg,"[714.26, 404.87, 11.69, 22.17]",0.3901873826980591,2
1708418286823315539_left_rearward.jpg,"[151.2, 450.25, 5.11, 13.69]",0.4625823050737381,0
1708418286823315539_left_rearward.jpg,"[6.46, 445.36, 5.51, 13.6]",0.24499581009149551,15
1708418286823315539_left_rearward.jpg,"[6.25, 445.75, 6.34, 15.22]",0.20440559089183807,0
1708418286823315539_rear_wide.jpg,"[984.43, 547.4, 4.43, 12.31]",0.649524986743927,0
1708418286823315539_rear_wide.jpg,"[895.71, 545.62, 4.14, 10.7]",0.4985806345939636,0
1708418287137145839_front_medium.jpg,"[962.08, 380.35, 17.22, 34.89]",0.9389863908290863,2
1708418287137145839_front_medium.jpg,"[677.66, 372.6, 17.5, 34.97]",0.8929300010204315,2
1708418287137145839_front_medium.jpg,"[677.13, 329.56, 17.82, 34.81]",0.8896295428276062,2
1708418287137145839_front_medium.jpg,"[718.67, 396.45, 11.45, 23.62]",0.5347398519515991,2
1708418287137145839_front_medium.jpg,"[704.46, 392.33, 11.36, 22.92]",0.3996843695640564,2
1708418287137145839_left_rearward.jpg,"[139.5, 446.74, 4.61, 12.83]",0.5257229804992676,0
1708418287137145839_rear_wide.jpg,"[890.73, 544.47, 4.09, 10.53]",0.7286451458930969,0
1708418287137145839_rear_wide.jpg,"[976.7, 545.79, 4.25, 11.89]",0.5708955824375153,0
1708418287181968739_front_medium.jpg,"[963.32, 380.82, 17.8, 35.4]",0.94147789478302,2
1708418287181968739_front_medium.jpg,"[675.0, 328.96, 18.19, 35.57]",0.8898539543151855,2
1708418287181968739_front_medium.jpg,"[675.86, 372.6, 17.67, 35.4]",0.8729675710201263,2
1708418287181968739_front_medium.jpg,"[703.03, 392.38, 12.15, 22.82]",0.5913831442594528,2
1708418287181968739_front_medium.jpg,"[716.78, 397.25, 10.93, 21.95]",0.4980335533618927,2
1708418287181968739_left_rearward.jpg,"[130.98, 451.9, 4.87, 13.08]",0.522873044013977,0
1708418287181968739_rear_wide.jpg,"[886.64, 544.69, 3.74, 10.15]",0.7083022892475128,0
1708418287181968739_rear_wide.jpg,"[970.25, 545.7, 4.16, 11.84]",0.533943235874176,0
1708418287518210238_front_medium.jpg,"[972.11, 380.49, 19.61, 38.44]",0.9401416182518005,2
1708418287518210238_front_medium.jpg,"[655.02, 323.84, 20.29, 39.58]",0.9193326830863953,2
1708418287518210238_front_medium.jpg,"[655.87, 371.77, 19.75, 38.74]",0.8983064889907837,2
1708418287518210238_front_medium.jpg,"[689.06, 396.22, 12.79, 24.72]",0.6353391855955124,2
1708418287518210238_front_medium.jpg,"[705.2, 400.56, 10.88, 23.49]",0.539180338382721,2
1708418287518210238_front_medium.jpg,"[955.3, 404.99, 10.83, 22.22]",0.5101719349622726,2
1708418287518210238_left_rearward.jpg,"[122.45, 454.65, 4.66, 12.61]",0.5603358149528503,0
1708418287518210238_rear_wide.jpg,"[882.51, 546.57, 3.73, 9.86]",0.622088760137558,0
1708418287518210238_rear_wide.jpg,"[963.64, 548.71, 4.23, 11.49]",0.5561804920434952,0
1708418287697544338_front_medium.jpg,"[979.16, 373.42, 20.39, 41.16]",0.939698338508606,2
1708418287697544338_front_medium.jpg,"[645.03, 365.87, 21.0, 42.22]",0.9100411534309387,2
1708418287697544338_front_medium.jpg,"[643.74, 315.65, 21.39, 42.04]",0.864923357963562,2
1708418287697544338_front_medium.jpg,"[683.04, 392.38, 13.68, 25.9]",0.806234747171402,2
1708418287697544338_front_medium.jpg,"[957.58, 401.08, 11.2, 22.67]",0.7079282999038696,2
1708418287697544338_front_medium.jpg,"[699.71, 397.29, 11.12, 25.92]",0.29706649482250214,2
1708418287697544338_left_rearward.jpg,"[116.85, 457.29, 4.61, 12.07]",0.5543374121189117,0
1708418287697544338_rear_wide.jpg,"[878.84, 548.42, 3.76, 10.03]",0.6599506437778473,0
1708418287697544338_rear_wide.jpg,"[958.16, 551.55, 3.83, 10.83]",0.42940449714660645,0
1708418287899283144_front_medium.jpg,"[988.5, 362.54, 22.0, 43.62]",0.9374611973762512,2
1708418287899283144_front_medium.jpg,"[631.69, 356.79, 22.84, 44.8]",0.9159740209579468,2
1708418287899283144_front_medium.jpg,"[630.03, 302.23, 22.82, 44.21]",0.9074743688106537,2
1708418287899283144_front_medium.jpg,"[675.73, 385.94, 14.58, 26.22]",0.8238193094730377,2
1708418287899283144_front_medium.jpg,"[961.05, 393.9, 11.33, 23.34]",0.7811923921108246,2
1708418287899283144_front_medium.jpg,"[692.53, 391.81, 11.95, 25.16]",0.5273160338401794,2
1708418287899283144_left_rearward.jpg,"[108.36, 457.3, 4.45, 11.88]",0.5938297659158707,0
1708418287899283144_rear_wide.jpg,"[876.29, 549.71, 3.37, 8.69]",0.5324331969022751,0
1708418287899283144_rear_wide.jpg,"[953.16, 552.47, 3.47, 9.89]",0.4018595963716507,0
1708418287988931448_front_medium.jpg,"[992.84, 360.42, 21.86, 44.7]",0.9316424131393433,2
1708418287988931448_front_medium.jpg,"[625.32, 354.85, 23.42, 46.43]",0.9242086708545685,2
1708418287988931448_front_medium.jpg,"[623.48, 299.21, 23.74, 45.82]",0.8907264769077301,2
1708418287988931448_front_medium.jpg,"[962.34, 393.46, 11.83, 24.08]",0.8231521546840668,2
1708418287988931448_front_medium.jpg,"[671.86, 385.85, 14.04, 26.62]",0.7109161913394928,2
1708418287988931448_front_medium.jpg,"[689.35, 393.07, 12.47, 25.3]",0.453648179769516,2
1708418287988931448_left_rearward.jpg,"[103.41, 454.37, 4.45, 11.85]",0.4857388436794281,0
1708418287988931448_rear_wide.jpg,"[950.2, 550.7, 3.4, 9.4]",0.4159698933362961,0
1708418287988931448_rear_wide.jpg,"[874.85, 547.56, 3.47, 9.09]",0.27175188064575195,0
1708418288840673923_front_medium.jpg,"[554.13, 322.22, 34.56, 66.14]",0.9491761922836304,2
1708418288840673923_front_medium.jpg,"[1074.81, 325.7, 32.61, 63.41]",0.9357299208641052,2
1708418288840673923_front_medium.jpg,"[551.07, 242.32, 33.72, 65.45]",0.9145461916923523,2
1708418288840673923_front_medium.jpg,"[645.26, 377.92, 16.47, 32.48]",0.8563206195831299,2
1708418288840673923_front_medium.jpg,"[668.82, 386.72, 16.26, 31.61]",0.8166300058364868,2
1708418288840673923_front_medium.jpg,"[992.53, 384.25, 13.39, 28.57]",0.6707139909267426,2
1708418288840673923_left_rearward.jpg,"[98.8, 456.11, 4.52, 11.81]",0.5345493704080582,0
1708418288840673923_rear_wide.jpg,"[873.16, 548.03, 3.74, 9.25]",0.4967251718044281,0
1708418289064829570_front_medium.jpg,"[525.08, 310.12, 39.03, 73.88]",0.9415835738182068,2
1708418289064829570_front_medium.jpg,"[1108.61, 313.26, 36.07, 71.29]",0.9348448812961578,2
1708418289064829570_front_medium.jpg,"[521.96, 219.79, 38.24, 72.4]",0.918241560459137,2
1708418289064829570_front_medium.jpg,"[1002.22, 383.07, 15.25, 30.0]",0.9004533290863037,2
1708418289064829570_front_medium.jpg,"[637.04, 376.81, 17.51, 34.24]",0.8644019365310669,2
1708418289064829570_front_medium.jpg,"[662.52, 386.54, 16.72, 32.38]",0.8426556587219238,2
1708418289064829570_left_rearward.jpg,"[94.47, 455.74, 4.23, 11.35]",0.5514260530471802,0
1708418289064829570_left_rearward.jpg,"[93.63, 454.71, 4.91, 13.55]",0.23446181416511536,15
1708418289064829570_rear_wide.jpg,"[871.61, 548.33, 3.63, 8.98]",0.31213510036468506,0
1708418289199325559_front_medium.jpg,"[1133.19, 298.43, 39.03, 76.89]",0.9465363621711731,2
1708418289199325559_front_medium.jpg,"[504.03, 295.57, 42.12, 79.79]",0.9459561109542847,2
1708418289199325559_front_medium.jpg,"[499.92, 198.05, 41.92, 79.57]",0.9387760162353516,2
1708418289199325559_front_medium.jpg,"[631.35, 370.83, 18.16, 35.99]",0.9085169434547424,2
1708418289199325559_front_medium.jpg,"[1008.64, 377.21, 15.56, 31.19]",0.903254896402359,2
1708418289199325559_front_medium.jpg,"[658.9, 381.8, 16.56, 33.02]",0.8978464901447296,2
1708418289199325559_left_rearward.jpg,"[92.96, 455.75, 4.6, 12.05]",0.5531387329101562,0
1708418289199325559_rear_wide.jpg,"[870.31, 550.62, 3.52, 8.8]",0.36346285790205,0
1708418289289010217_front_medium.jpg,"[482.9, 186.71, 43.85, 82.65]",0.9434570968151093,2
1708418289289010217_front_medium.jpg,"[487.21, 290.23, 44.42, 83.27]",0.9261588156223297,2
1708418289289010217_front_medium.jpg,"[627.09, 371.19, 18.48, 36.59]",0.9179226458072662,2
1708418289289010217_front_medium.jpg,"[1012.9, 376.93, 16.44, 31.85]",0.9019632339477539,2
1708418289289010217_front_medium.jpg,"[655.81, 382.04, 17.06, 33.58]",0.8572150468826294,2
1708418289289010217_front_medium.jpg,"[1151.42, 291.65, 42.56, 80.95]",0.8496226966381073,2
1708418289289010217_left_rearward.jpg,"[78.08, 453.59, 5.45, 13.84]",0.3578062355518341,0
1708418289289010217_rear_wide.jpg,"[866.97, 546.17, 3.21, 8.37]",0.38843710720539093,0
1708418289445871870_front_medium.jpg,"[453.27, 279.75, 50.72, 92.92]",0.9534831047058105,2
1708418289445871870_front_medium.jpg,"[447.79, 165.17, 49.81, 93.51]",0.9467882215976715,2
1708418289445871870_front_medium.jpg,"[1187.56, 279.42, 46.33, 89.82]",0.9414158463478088,2
1708418289445871870_front_medium.jpg,"[618.89, 373.47, 19.18, 37.89]",0.919887900352478,2
1708418289445871870_front_medium.jpg,"[649.27, 385.49, 17.27, 34.41]",0.9041935801506042,2
1708418289445871870_front_medium.jpg,"[1020.55, 378.41, 16.5, 32.71]",0.9028117060661316,2
1708418289445871870_left_rearward.jpg,"[72.35, 454.06, 4.34, 11.46]",0.4282025396823883,0
1708418289445871870_rear_wide.jpg,"[863.16, 546.75, 3.35, 8.54]",0.5136840641498566,0
1708418289513112364_front_medium.jpg,"[1205.0, 273.14, 49.3, 92.72]",0.949435293674469,2
1708418289513112364_front_medium.jpg,"[430.19, 154.4, 51.92, 98.46]",0.9455382227897644,2
1708418289513112364_front_medium.jpg,"[435.55, 274.08, 53.15, 97.48]",0.9441508054733276,2
1708418289513112364_front_medium.jpg,"[646.05, 386.61, 17.78, 35.04]",0.9184092879295349,2
1708418289513112364_front_medium.jpg,"[614.96, 374.41, 19.96, 39.07]",0.886559933423996,2
1708418289513112364_front_medium.jpg,"[1023.55, 378.77, 16.89, 32.93]",0.8470171093940735,2
1708418289513112364_front_medium.jpg,"[1019.4, 379.35, 9.21, 33.68]",0.6138581335544586,2
1708418289513112364_left_rearward.jpg,"[64.89, 456.21, 5.01, 12.74]",0.47556376457214355,0
1708418289513112364_rear_wide.jpg,"[861.16, 547.01, 3.24, 8.2]",0.4484882354736328,0
1708418289871758892_front_medium.jpg,"[302.22, 212.19, 74.95, 133.02]",0.9590997397899628,2
1708418289871758892_front_medium.jpg,"[1041.36, 372.03, 18.34, 36.7]",0.9157373607158661,2
1708418289871758892_front_medium.jpg,"[625.68, 381.46, 19.72, 38.76]",0.9045082032680511,2
1708418289871758892_front_medium.jpg,"[589.13, 366.77, 21.76, 43.3]",0.894088625907898,2
1708418289871758892_front_medium.jpg,"[1337.36, 214.11, 67.24, 125.03]",0.8572927415370941,2
1708418289871758892_front_medium.jpg,"[294.05, 59.39, 73.43, 118.67]",0.6162648350000381,2
1708418289871758892_left_rearward.jpg,"[58.87, 464.15, 3.89, 10.0]",0.4037601053714752,0
1708418289871758892_rear_wide.jpg,"[857.61, 553.85, 3.56, 9.26]",0.45152825117111206,0
1708418289871758892_right_forward.jpg,"[161.54, 267.21, 62.92, 104.52]",0.947137176990509,2
1708418290095878871_front_medium.jpg,"[1054.87, 362.39, 19.64, 39.64]",0.9196074306964874,2
1708418290095878871_front_medium.jpg,"[611.65, 370.32, 21.44, 41.54]",0.9185154139995575,2
1708418290095878871_front_medium.jpg,"[570.63, 353.63, 23.39, 46.42]",0.8491424024105072,2
1708418290095878871_front_medium.jpg,"[159.56, 134.93, 99.32, 176.24]",0.7463805824518204,2
1708418290095878871_front_medium.jpg,"[1482.14, 150.56, 85.64, 155.12]",0.7114899158477783,2
1708418290095878871_left_forward.jpg,"[1443.93, 227.03, 83.49, 129.89]",0.7700125873088837,2
1708418290095878871_left_forward.jpg,"[1439.55, 73.24, 80.33, 134.9]",0.373571053147316,2
1708418290095878871_left_rearward.jpg,"[47.51, 459.58, 4.55, 11.52]",0.3604600131511688,0
1708418290095878871_rear_wide.jpg,"[855.14, 552.37, 3.55, 8.76]",0.35561981052160263,0
1708418290095878871_right_forward.jpg,"[235.4, 244.73, 64.81, 117.88]",0.9296713471412659,2
1708418290342395997_front_medium.jpg,"[1073.62, 350.49, 20.94, 41.45]",0.9337989985942841,2
1708418290342395997_front_medium.jpg,"[547.78, 337.16, 25.75, 51.16]",0.930293083190918,2
1708418290342395997_front_medium.jpg,"[594.31, 356.07, 23.29, 45.13]",0.9227868318557739,2
1708418290342395997_left_forward.jpg,"[994.35, 93.53, 94.8, 184.45]",0.4257594347000122,2
1708418290342395997_left_rearward.jpg,"[35.3, 458.24, 4.23, 10.77]",0.22832968831062317,0
1708418290342395997_rear_wide.jpg,"[847.92, 551.27, 3.65, 8.78]",0.2962087243795395,0
1708418290342395997_right_forward.jpg,"[591.05, 141.32, 77.0, 170.01]",0.3013652041554451,2
1708418290589060624_front_medium.jpg,"[516.92, 327.51, 29.02, 57.01]",0.9298986196517944,2
1708418290589060624_front_medium.jpg,"[1091.68, 347.37, 23.03, 45.42]",0.9262949824333191,2
1708418290589060624_front_medium.jpg,"[570.98, 350.33, 24.99, 49.46]",0.7990000247955322,2
1708418290589060624_left_rearward.jpg,"[21.63, 452.15, 5.19, 13.19]",0.32712969928979874,0
1708418290589060624_rear_wide.jpg,"[841.73, 548.07, 3.31, 8.19]",0.3968714028596878,0
1708418290633891920_front_medium.jpg,"[509.91, 325.14, 30.15, 57.86]",0.9314135313034058,2
1708418290633891920_front_medium.jpg,"[1094.76, 346.11, 23.92, 46.31]",0.9298300445079803,2
1708418290633891920_front_medium.jpg,"[565.68, 349.17, 25.6, 49.4]",0.7464041411876678,2
1708418290633891920_rear_wide.jpg,"[832.86, 549.23, 3.21, 7.66]",0.2125706821680069,0
1708418290633891920_rear_wide.jpg,"[840.49, 539.52, 4.83, 10.28]",0.20430538058280945,1
1708418291014957364_front_medium.jpg,"[432.09, 308.7, 36.29, 69.94]",0.938291072845459,2
1708418291014957364_front_medium.jpg,"[1121.51, 338.5, 28.16, 53.44]",0.9352321028709412,2
1708418291014957364_front_medium.jpg,"[506.9, 340.28, 30.8, 58.93]",0.9241921305656433,2
1708418291283903019_front_medium.jpg,"[352.16, 283.38, 43.85, 82.18]",0.9489398896694183,2
1708418291283903019_front_medium.jpg,"[1144.31, 325.14, 30.29, 59.2]",0.943688303232193,2
1708418291283903019_front_medium.jpg,"[449.52, 324.24, 35.13, 66.73]",0.9382410943508148,2
1708418291821796550_front_medium.jpg,"[288.22, 295.1, 49.7, 91.39]",0.9507279396057129,2
1708418291821796550_front_medium.jpg,"[1228.03, 314.64, 41.96, 78.09]",0.9470275640487671,2
1708418291821796550_front_medium.jpg,"[92.51, 215.45, 70.53, 125.11]",0.822089821100235,2
1708418291821796550_left_forward.jpg,"[1455.72, 324.44, 47.77, 76.93]",0.908569872379303,2
1708418291821796550_left_forward.jpg,"[1580.58, 360.66, 34.12, 64.85]",0.6114664971828461,2
1708418291978679307_front_medium.jpg,"[1277.47, 311.4, 46.59, 85.83]",0.956005185842514,2
1708418291978679307_front_medium.jpg,"[228.91, 283.75, 57.69, 105.03]",0.9491869211196899,2
1708418291978679307_front_medium.jpg,"[8.78, 182.79, 17.19, 141.44]",0.29008397459983826,2
1708418291978679307_left_forward.jpg,"[1514.54, 349.19, 50.46, 75.98]",0.9216374158859253,2
1708418291978679307_left_forward.jpg,"[1349.44, 303.78, 52.75, 87.95]",0.9166540503501892,2
1708418292135638064_front_medium.jpg,"[157.14, 255.51, 67.4, 120.09]",0.9570898711681366,2
1708418292135638064_front_medium.jpg,"[1344.52, 294.55, 52.68, 96.22]",0.9560742974281311,2
1708418292135638064_front_medium.jpg,"[572.61, 460.9, 4.02, 10.61]",0.24538258463144302,0
1708418292135638064_left_forward.jpg,"[1328.02, 296.95, 53.23, 90.98]",0.9470196068286896,2
1708418292135638064_left_forward.jpg,"[1500.24, 344.36, 51.6, 77.56]",0.9182011485099792,2
1708418292247746248_front_medium.jpg,"[1407.93, 274.33, 59.05, 105.89]",0.9550139307975769,2
1708418292247746248_front_medium.jpg,"[94.38, 226.95, 79.69, 133.33]",0.9461013078689575,2
1708418292247746248_left_forward.jpg,"[1432.86, 319.85, 56.57, 87.5]",0.9385751187801361,2
1708418292247746248_left_forward.jpg,"[1215.66, 261.48, 55.95, 104.05]",0.9181534051895142,2
1708418292247746248_left_forward.jpg,"[1267.6, 264.46, 40.69, 102.53]",0.6228264570236206,2
1708418292247746248_right_forward.jpg,"[183.47, 346.2, 41.49, 72.87]",0.9361377954483032,2
1708418292292576821_front_medium.jpg,"[1437.75, 265.59, 61.83, 109.87]",0.9565935730934143,2
1708418292292576821_front_medium.jpg,"[67.14, 213.41, 82.08, 141.85]",0.8434288501739502,2
1708418292292576821_left_forward.jpg,"[1325.09, 283.84, 62.27, 105.72]",0.950766384601593,2
1708418292292576821_left_forward.jpg,"[1086.8, 211.16, 54.18, 125.25]",0.8960617482662201,2
1708418292292576821_left_forward.jpg,"[1007.97, 215.39, 31.8, 114.11]",0.4483041912317276,2
1708418292292576821_left_forward.jpg,"[1021.68, 209.0, 60.04, 128.31]",0.3037405014038086,2
1708418292292576821_right_forward.jpg,"[305.33, 331.22, 44.18, 82.53]",0.8379450738430023,2
1708418292628815872_left_forward.jpg,"[1030.99, 207.21, 70.98, 139.95]",0.8895201086997986,2
1708418292628815872_left_forward.jpg,"[545.79, 82.62, 97.22, 165.01]",0.39407140016555786,7
1708418292628815872_left_forward.jpg,"[547.65, 82.36, 98.12, 164.29]",0.2969409227371216,2
1708418292628815872_right_forward.jpg,"[738.94, 262.85, 58.4, 117.22]",0.7264323681592941,2
1708418292897722255_left_forward.jpg,"[853.95, 164.27, 68.93, 158.56]",0.745354413986206,2
1708418292897722255_left_forward.jpg,"[184.57, 50.56, 138.55, 99.68]",0.2051776796579361,7
1708418293077019568_left_forward.jpg,"[603.2, 68.99, 56.75, 130.03]",0.4544419050216675,1
1708418293077019568_left_forward.jpg,"[604.8, 68.78, 62.28, 137.42]",0.21086901426315308,7
1708418313095161340_left_rearward.jpg,"[444.77, 418.86, 10.89, 20.41]",0.6865922659635544,2
1708418313095161340_left_rearward.jpg,"[212.43, 415.16, 13.65, 23.39]",0.5976240187883377,2
1708418313095161340_left_rearward.jpg,"[196.43, 416.59, 10.69, 20.94]",0.25111109018325806,2
1708418313229670546_left_rearward.jpg,"[436.92, 419.22, 10.08, 20.73]",0.7058644741773605,2
1708418313229670546_left_rearward.jpg,"[206.0, 416.08, 13.33, 22.97]",0.6939731687307358,2
1708418313229670546_left_rearward.jpg,"[334.67, 435.47, 7.37, 13.53]",0.3120708391070366,2
1708418313229670546_left_rearward.jpg,"[206.1, 386.33, 14.2, 23.7]",0.24684040248394012,2
1708418313229670546_rear_wide.jpg,"[1045.61, 514.24, 10.56, 18.81]",0.6293973326683044,2
1708418313229670546_rear_wide.jpg,"[1138.37, 527.17, 6.58, 12.67]",0.5824418216943741,2
1708418313229670546_rear_wide.jpg,"[1260.74, 504.95, 10.74, 21.65]",0.5414002239704132,2
1708418313229670546_rear_wide.jpg,"[982.45, 525.74, 8.18, 13.36]",0.3490102291107178,2
1708418313476259537_front_medium.jpg,"[743.07, 297.73, 9.29, 28.95]",0.8968812525272369,7
1708418313476259537_front_medium.jpg,"[827.23, 299.68, 9.69, 28.36]",0.8833723068237305,1
1708418313476259537_front_medium.jpg,"[922.68, 403.66, 10.25, 27.53]",0.8353133797645569,1
1708418313476259537_front_medium.jpg,"[890.47, 415.67, 7.3, 18.4]",0.25770729780197144,1
1708418313476259537_front_medium.jpg,"[1193.58, 328.64, 42.11, 85.0]",0.2562086880207062,2
1708418313476259537_front_medium.jpg,"[827.3, 299.76, 8.96, 28.26]",0.2098129689693451,8
1708418313476259537_left_rearward.jpg,"[408.93, 424.62, 9.6, 20.61]",0.6495963335037231,2
1708418313476259537_left_rearward.jpg,"[163.34, 422.94, 9.94, 20.38]",0.5757189989089966,2
1708418313476259537_left_rearward.jpg,"[178.93, 421.84, 13.82, 22.54]",0.26951951533555984,2
1708418313476259537_rear_wide.jpg,"[1014.43, 521.97, 9.29, 17.33]",0.5962036103010178,2
1708418313476259537_rear_wide.jpg,"[1211.46, 513.74, 9.63, 19.75]",0.4942464530467987,2
1708418313476259537_rear_wide.jpg,"[1003.8, 522.74, 8.22, 16.61]",0.2523499131202698,2
1708418313476259537_rear_wide.jpg,"[1210.79, 511.66, 10.21, 23.77]",0.24168846011161804,1
1708418313588341941_front_medium.jpg,"[728.9, 294.8, 9.49, 28.7]",0.9012656807899475,7
1708418313588341941_front_medium.jpg,"[912.09, 402.26, 10.49, 27.83]",0.8201563060283661,1
1708418313588341941_front_medium.jpg,"[815.07, 296.84, 9.3, 29.09]",0.8040059208869934,1
1708418313588341941_front_medium.jpg,"[925.0, 402.59, 9.74, 29.47]",0.43141260743141174,1
1708418313588341941_front_medium.jpg,"[814.7, 296.61, 9.31, 29.26]",0.2709488272666931,8
1708418313588341941_left_rearward.jpg,"[401.21, 425.27, 9.55, 20.39]",0.7747689485549927,2
1708418313588341941_left_rearward.jpg,"[172.08, 422.05, 13.9, 23.08]",0.528008759021759,2
1708418313588341941_left_rearward.jpg,"[305.08, 440.71, 7.55, 13.84]",0.24399882555007935,2
1708418313588341941_left_rearward.jpg,"[155.77, 422.38, 10.28, 21.12]",0.23952347040176392,2
1708418313588341941_rear_wide.jpg,"[974.55, 528.4, 8.54, 15.3]",0.6450457870960236,2
1708418313588341941_rear_wide.jpg,"[1153.15, 521.07, 8.48, 17.88]",0.5501433312892914,2
1708418313946987336_front_medium.jpg,"[674.38, 281.45, 10.3, 31.09]",0.9262998998165131,7
1708418313946987336_front_medium.jpg,"[765.66, 283.96, 10.12, 31.25]",0.8975543081760406,1
1708418313946987336_front_medium.jpg,"[868.5, 396.46, 10.24, 29.96]",0.893193930387497,1
1708418313946987336_front_medium.jpg,"[882.18, 396.26, 10.54, 30.69]",0.6160076558589935,1
1708418313946987336_front_medium.jpg,"[832.73, 410.26, 7.19, 21.05]",0.5565198659896851,1
1708418313946987336_front_medium.jpg,"[765.69, 284.05, 10.13, 31.65]",0.347982794046402,8
1708418313946987336_left_rearward.jpg,"[340.29, 428.16, 10.1, 19.9]",0.5991294085979462,2
1708418313946987336_left_rearward.jpg,"[94.61, 426.56, 10.59, 20.71]",0.457846999168396,2
1708418313946987336_left_rearward.jpg,"[110.3, 425.62, 12.78, 22.29]",0.39606696367263794,2
1708418313946987336_rear_wide.jpg,"[939.2, 532.12, 8.08, 15.81]",0.6687198132276535,2
1708418313946987336_rear_wide.jpg,"[1104.64, 526.39, 8.3, 16.55]",0.6653612852096558,2
1708418313946987336_rear_wide.jpg,"[894.82, 539.73, 7.18, 11.42]",0.29044193029403687,2
1708418313946987336_rear_wide.jpg,"[930.54, 533.1, 8.27, 15.08]",0.27083253860473633,2
1708418313946987336_rear_wide.jpg,"[1028.61, 541.89, 5.51, 10.71]",0.21806882321834564,2
1708418314081470921_front_medium.jpg,"[650.73, 274.82, 10.42, 31.84]",0.9142099320888519,7
1708418314081470921_front_medium.jpg,"[744.0, 277.34, 10.06, 31.32]",0.8389695882797241,1
1708418314081470921_front_medium.jpg,"[849.81, 392.43, 10.73, 29.7]",0.8377599120140076,1
1708418314081470921_front_medium.jpg,"[812.95, 406.72, 7.78, 20.89]",0.595147430896759,1
1708418314081470921_front_medium.jpg,"[863.37, 392.32, 10.62, 30.71]",0.576718345284462,1
1708418314081470921_left_rearward.jpg,"[289.97, 432.99, 9.15, 19.32]",0.5022098869085312,2
1708418314081470921_left_rearward.jpg,"[204.38, 446.86, 7.55, 13.59]",0.34328508377075195,2
1708418314081470921_left_rearward.jpg,"[58.85, 430.27, 12.97, 21.84]",0.3104766011238098,2
1708418314081470921_rear_wide.jpg,"[1060.49, 531.42, 7.52, 15.84]",0.7579407691955566,2
1708418314081470921_rear_wide.jpg,"[905.56, 535.67, 8.15, 14.78]",0.7138015776872635,2
1708418314081470921_rear_wide.jpg,"[992.72, 544.89, 5.36, 10.16]",0.31487351655960083,2
1708418314081470921_rear_wide.jpg,"[865.45, 542.5, 6.7, 11.21]",0.2517511546611786,2
1708418314081470921_rear_wide.jpg,"[896.38, 535.88, 7.06, 14.49]",0.2342292070388794,2
1708418314171119644_front_medium.jpg,"[634.55, 271.2, 10.67, 31.84]",0.9232659637928009,7
1708418314171119644_front_medium.jpg,"[729.79, 273.72, 10.46, 31.52]",0.9111061692237854,1
1708418314171119644_front_medium.jpg,"[836.68, 390.68, 10.24, 30.78]",0.8381215631961823,1
1708418314171119644_front_medium.jpg,"[850.91, 390.58, 10.96, 31.63]",0.5913958847522736,1
1708418314171119644_front_medium.jpg,"[799.72, 405.59, 7.45, 21.45]",0.5896583795547485,1
1708418314171119644_front_medium.jpg,"[729.66, 273.76, 9.97, 31.95]",0.3086315095424652,8
1708418314171119644_left_rearward.jpg,"[268.88, 433.58, 9.43, 18.72]",0.46801140904426575,2
1708418314171119644_left_rearward.jpg,"[36.41, 431.05, 13.74, 21.58]",0.40741199254989624,2
1708418314171119644_left_rearward.jpg,"[20.36, 432.16, 10.5, 19.94]",0.369636595249176,2
1708418314171119644_left_rearward.jpg,"[36.29, 416.34, 16.83, 47.16]",0.2307869791984558,2
1708418314171119644_rear_wide.jpg,"[885.28, 537.77, 7.63, 14.33]",0.6185097545385361,2
1708418314171119644_rear_wide.jpg,"[1033.74, 533.77, 7.79, 15.53]",0.5605731904506683,2
1708418314171119644_rear_wide.jpg,"[846.41, 543.83, 6.6, 10.99]",0.2980049252510071,2
1708418314171119644_rear_wide.jpg,"[970.85, 546.8, 5.38, 9.68]",0.22894270718097687,2
1708418314529709345_front_medium.jpg,"[666.99, 260.87, 11.04, 34.07]",0.9413562119007111,1
1708418314529709345_front_medium.jpg,"[564.58, 257.94, 11.7, 34.49]",0.9186210036277771,7
1708418314529709345_front_medium.jpg,"[781.78, 385.14, 10.85, 32.62]",0.8566585779190063,1
1708418314529709345_front_medium.jpg,"[796.82, 385.03, 11.45, 33.33]",0.41080671548843384,1
1708418314529709345_left_rearward.jpg,"[207.09, 437.58, 9.87, 18.9]",0.23100736737251282,2
1708418314529709345_left_rearward.jpg,"[124.29, 451.29, 6.75, 13.45]",0.21285425126552582,2
1708418314529709345_rear_wide.jpg,"[865.86, 540.19, 7.29, 13.78]",0.6373920142650604,2
1708418314529709345_rear_wide.jpg,"[1009.1, 537.05, 6.91, 14.76]",0.5510265827178955,2
1708418314529709345_rear_wide.jpg,"[1008.4, 535.81, 7.03, 18.6]",0.3265842795372009,1
1708418314529709345_rear_wide.jpg,"[828.34, 545.69, 6.19, 10.63]",0.272794246673584,2
1708418314529709345_rear_wide.jpg,"[857.44, 541.34, 6.72, 12.43]",0.22434106469154358,2
1708418314753836041_front_medium.jpg,"[625.76, 251.66, 11.71, 35.71]",0.9459691643714905,1
1708418314753836041_front_medium.jpg,"[518.36, 248.73, 12.44, 36.25]",0.928926944732666,7
1708418314753836041_front_medium.jpg,"[746.3, 380.42, 11.59, 34.31]",0.9070317149162292,1
1708418314753836041_front_medium.jpg,"[761.81, 380.04, 11.54, 34.6]",0.6375569254159927,1
1708418314753836041_front_medium.jpg,"[707.4, 398.58, 7.96, 23.17]",0.5191985964775085,1
1708418314753836041_rear_wide.jpg,"[982.02, 542.0, 7.03, 14.05]",0.6323897391557693,2
1708418314753836041_rear_wide.jpg,"[837.45, 544.2, 5.9, 11.49]",0.6161326467990875,2
1708418314753836041_rear_wide.jpg,"[981.69, 538.28, 7.77, 20.23]",0.3766118586063385,1
1708418314753836041_rear_wide.jpg,"[845.69, 543.78, 6.51, 11.76]",0.23365424573421478,2
1708418314955550468_front_medium.jpg,"[589.51, 244.91, 12.35, 36.75]",0.9382102489471436,1
1708418314955550468_front_medium.jpg,"[477.73, 242.09, 12.73, 37.76]",0.918037623167038,7
1708418314955550468_front_medium.jpg,"[715.11, 378.3, 12.48, 35.32]",0.842010498046875,1
1708418314955550468_front_medium.jpg,"[676.87, 397.72, 8.08, 23.61]",0.6239832937717438,1
1708418314955550468_front_medium.jpg,"[731.65, 377.95, 12.09, 35.29]",0.5787293761968613,1
1708418314955550468_front_medium.jpg,"[589.08, 244.64, 11.94, 37.02]",0.22066308557987213,8
1708418314955550468_left_rearward.jpg,"[133.31, 448.19, 9.44, 18.33]",0.33094507455825806,2
1708418314955550468_rear_wide.jpg,"[975.49, 544.02, 7.3, 13.64]",0.5247161239385605,2
1708418314955550468_rear_wide.jpg,"[843.25, 544.69, 6.54, 12.4]",0.508208692073822,2
1708418314955550468_rear_wide.jpg,"[835.23, 545.32, 5.71, 11.49]",0.2833254933357239,2
1708418315045196546_front_medium.jpg,"[575.81, 241.22, 12.41, 37.43]",0.9220535159111023,1
1708418315045196546_front_medium.jpg,"[461.82, 238.37, 13.09, 38.71]",0.9168654978275299,7
1708418315045196546_front_medium.jpg,"[578.93, 240.94, 5.87, 37.89]",0.8567198216915131,1
1708418315045196546_front_medium.jpg,"[704.53, 375.94, 12.2, 34.91]",0.7473569512367249,1
1708418315045196546_front_medium.jpg,"[720.66, 375.6, 12.69, 36.72]",0.6501977741718292,1
1708418315045196546_front_medium.jpg,"[666.03, 396.28, 8.21, 24.25]",0.4763944149017334,1
1708418315045196546_rear_wide.jpg,"[974.76, 547.49, 6.98, 13.41]",0.5146384835243225,2
1708418315045196546_rear_wide.jpg,"[974.46, 545.19, 6.91, 18.06]",0.31810858845710754,1
1708418315045196546_rear_wide.jpg,"[837.87, 548.57, 5.48, 10.92]",0.26948627829551697,2
1708418315471043650_front_medium.jpg,"[549.23, 222.72, 13.51, 40.62]",0.9341181814670563,1
1708418315471043650_front_medium.jpg,"[425.25, 221.43, 14.48, 41.45]",0.9283470511436462,7
1708418315471043650_front_medium.jpg,"[690.06, 367.09, 13.46, 38.59]",0.8867696821689606,1
1708418315471043650_front_medium.jpg,"[652.57, 390.82, 8.89, 25.31]",0.8275697529315948,1
1708418315471043650_front_medium.jpg,"[707.93, 366.91, 13.54, 39.53]",0.6267061829566956,1
1708418315471043650_left_rearward.jpg,"[137.81, 453.33, 9.14, 17.37]",0.22608663141727448,2
1708418315471043650_rear_wide.jpg,"[859.85, 548.6, 5.84, 11.77]",0.3031245172023773,2
1708418315471043650_rear_wide.jpg,"[852.02, 549.37, 5.22, 10.68]",0.21924248337745667,2
1708418315784872366_front_medium.jpg,"[550.99, 209.06, 14.31, 43.39]",0.9422818422317505,1
1708418315784872366_front_medium.jpg,"[419.94, 208.28, 15.26, 43.75]",0.9300741255283356,7
1708418315784872366_front_medium.jpg,"[701.3, 361.2, 13.76, 40.73]",0.9014247357845306,1
1708418315784872366_front_medium.jpg,"[663.87, 386.8, 9.06, 26.54]",0.5572149753570557,1
1708418315784872366_front_medium.jpg,"[719.37, 360.23, 14.98, 42.19]",0.5007947087287903,1
1708418315784872366_rear_wide.jpg,"[873.47, 547.8, 5.8, 11.52]",0.5446257591247559,2
1708418315784872366_rear_wide.jpg,"[996.13, 550.21, 6.23, 12.21]",0.3488427698612213,2
1708418315784872366_rear_wide.jpg,"[866.12, 548.37, 5.39, 10.8]",0.20854970812797546,2
1708418316009071664_front_medium.jpg,"[564.33, 201.92, 14.79, 45.01]",0.9385110139846802,1
1708418316009071664_front_medium.jpg,"[428.72, 202.57, 15.88, 45.89]",0.9261305630207062,7
1708418316009071664_front_medium.jpg,"[721.21, 358.43, 14.62, 42.58]",0.9089771211147308,1
1708418316009071664_front_medium.jpg,"[740.55, 358.01, 15.15, 43.71]",0.6564636826515198,1
1708418316009071664_front_medium.jpg,"[683.96, 386.8, 8.83, 27.54]",0.22153794765472412,1
1708418316009071664_rear_wide.jpg,"[887.57, 548.27, 5.36, 10.26]",0.4320050776004791,2
1708418316188441491_front_medium.jpg,"[583.08, 198.01, 15.24, 46.47]",0.9449113011360168,1
1708418316188441491_front_medium.jpg,"[443.98, 199.75, 16.38, 46.73]",0.9282732903957367,7
1708418316188441491_front_medium.jpg,"[745.16, 358.66, 15.45, 44.02]",0.9007650911808014,1
1708418316188441491_front_medium.jpg,"[765.22, 358.02, 15.64, 44.62]",0.7191781997680664,1
1708418316188441491_front_medium.jpg,"[707.52, 388.78, 9.51, 27.88]",0.675499439239502,1
1708418316188441491_left_rearward.jpg,"[231.36, 451.49, 7.79, 14.28]",0.5422037839889526,2
1708418316188441491_left_rearward.jpg,"[178.68, 459.59, 5.97, 11.34]",0.2596049904823303,2
1708418316188441491_left_rearward.jpg,"[40.78, 445.47, 7.87, 14.65]",0.2007664293050766,2
1708418316188441491_rear_wide.jpg,"[907.94, 544.59, 6.28, 11.23]",0.46826259791851044,2
1708418316188441491_rear_wide.jpg,"[900.9, 545.24, 5.44, 10.26]",0.3561107888817787,2
1708418316188441491_rear_wide.jpg,"[876.93, 547.82, 5.43, 8.97]",0.2012501060962677,2
1708418316457492060_front_medium.jpg,"[619.12, 190.72, 16.03, 48.28]",0.9471917152404785,1
1708418316457492060_front_medium.jpg,"[474.13, 193.33, 16.98, 48.78]",0.9322218596935272,7
1708418316457492060_front_medium.jpg,"[789.15, 359.07, 15.57, 46.76]",0.860038161277771,1
1708418316457492060_front_medium.jpg,"[749.39, 391.34, 9.72, 28.3]",0.7249147295951843,1
1708418316457492060_front_medium.jpg,"[810.14, 357.58, 15.65, 46.81]",0.6222643554210663,1
1708418316457492060_left_rearward.jpg,"[234.02, 451.35, 7.65, 14.54]",0.5763125717639923,2
1708418316457492060_rear_wide.jpg,"[924.94, 543.88, 5.62, 11.01]",0.2544410824775696,2
1708418316995577700_front_medium.jpg,"[692.12, 173.81, 17.5, 53.18]",0.9489938020706177,1
1708418316995577700_front_medium.jpg,"[534.81, 179.0, 18.58, 53.64]",0.9338003396987915,7
1708418316995577700_front_medium.jpg,"[879.67, 357.23, 17.39, 51.09]",0.8905785977840424,1
1708418316995577700_front_medium.jpg,"[833.27, 395.99, 10.29, 30.73]",0.8584292829036713,1
1708418316995577700_front_medium.jpg,"[903.34, 356.23, 17.82, 52.53]",0.7694250047206879,1
1708418316995577700_left_rearward.jpg,"[276.79, 448.18, 6.9, 13.81]",0.5046786367893219,2
1708418316995577700_left_rearward.jpg,"[114.29, 441.12, 7.93, 14.83]",0.36513054370880127,2
1708418316995577700_rear_wide.jpg,"[922.93, 544.0, 5.46, 9.22]",0.2831995487213135,2
1708418317152514141_front_medium.jpg,"[712.18, 164.65, 18.15, 55.13]",0.9418034255504608,1
1708418317152514141_front_medium.jpg,"[550.81, 169.75, 18.95, 55.38]",0.9340857267379761,7
1708418317152514141_front_medium.jpg,"[929.6, 352.78, 17.99, 54.17]",0.9265391528606415,1
1708418317152514141_front_medium.jpg,"[855.52, 394.51, 10.44, 31.06]",0.8783053457736969,1
1708418317152514141_front_medium.jpg,"[904.52, 353.98, 18.93, 53.86]",0.8670590221881866,1
1708418317152514141_left_rearward.jpg,"[131.65, 438.95, 9.37, 19.03]",0.2403702735900879,2
1708418317152514141_left_rearward.jpg,"[287.96, 447.55, 6.64, 13.86]",0.21531203389167786,2
1708418317219775927_front_medium.jpg,"[720.03, 161.94, 18.27, 56.2]",0.9515885710716248,1
1708418317219775927_front_medium.jpg,"[556.4, 166.67, 19.22, 55.93]",0.9306895136833191,7
1708418317219775927_front_medium.jpg,"[914.87, 353.67, 19.64, 55.11]",0.9139831960201263,1
1708418317219775927_front_medium.jpg,"[940.23, 352.53, 18.57, 55.34]",0.8443039655685425,1
1708418317219775927_front_medium.jpg,"[864.3, 394.79, 10.69, 30.92]",0.7918875217437744,1
1708418317219775927_left_rearward.jpg,"[128.05, 443.0, 6.5, 13.11]",0.30388330668210983,2
1708418317219775927_left_rearward.jpg,"[291.93, 447.78, 6.95, 13.88]",0.29570813477039337,2
1708418317219775927_left_rearward.jpg,"[138.38, 442.06, 8.08, 14.6]",0.29138195514678955,2
1708418317533642266_front_medium.jpg,"[746.16, 144.62, 19.25, 59.44]",0.9517755210399628,1
1708418317533642266_front_medium.jpg,"[573.21, 150.6, 20.79, 60.26]",0.9316705763339996,7
1708418317533642266_front_medium.jpg,"[979.86, 347.61, 19.76, 58.79]",0.8637653589248657,1
1708418317533642266_front_medium.jpg,"[953.82, 349.31, 19.42, 57.31]",0.8504668772220612,1
1708418317533642266_front_medium.jpg,"[895.19, 394.65, 11.06, 32.12]",0.7305404394865036,1
1708418317533642266_front_medium.jpg,"[579.71, 150.83, 7.26, 61.16]",0.22888913750648499,8
1708418317533642266_left_rearward.jpg,"[291.84, 448.75, 6.91, 13.52]",0.4676840454339981,2
1708418317533642266_left_rearward.jpg,"[139.85, 443.25, 7.72, 14.02]",0.2730123996734619,2
1708418317533642266_left_rearward.jpg,"[129.33, 443.74, 6.65, 13.07]",0.25684309005737305,2
1708418367342327171_front_medium.jpg,"[604.45, 421.65, 4.44, 12.4]",0.5524167716503143,1
1708418367678584486_front_medium.jpg,"[624.77, 425.14, 4.22, 11.8]",0.6909777671098709,1
1708418368126921738_front_medium.jpg,"[647.4, 423.33, 4.44, 12.79]",0.7151339650154114,1
1708418368620076806_front_medium.jpg,"[657.34, 426.7, 4.28, 12.36]",0.852546751499176,1
1708418368776968297_front_medium.jpg,"[658.8, 421.81, 4.47, 12.8]",0.8025965094566345,1
1708418369718403925_front_medium.jpg,"[808.4, 430.35, 4.18, 11.81]",0.5250049531459808,1
1708418369718403925_front_medium.jpg,"[643.02, 422.65, 5.68, 18.51]",0.47839513421058655,1
1708418369875325601_front_medium.jpg,"[809.56, 424.27, 4.38, 12.65]",0.8008594214916229,1
1708418370009842610_front_medium.jpg,"[810.77, 424.27, 4.74, 13.16]",0.6648320853710175,1
1708418370054682946_front_medium.jpg,"[638.25, 416.67, 5.43, 19.02]",0.8580239117145538,1
1708418370054682946_front_medium.jpg,"[810.98, 425.26, 4.54, 12.61]",0.5416078269481659,1
1708418371803318146_front_medium.jpg,"[868.89, 412.01, 6.32, 17.6]",0.8400477468967438,1
1708418371803318146_front_medium.jpg,"[661.57, 403.91, 6.52, 18.62]",0.7299744933843613,1
1708418371803318146_front_medium.jpg,"[662.26, 403.15, 6.9, 19.35]",0.2760157585144043,3
1708418372206800112_front_medium.jpg,"[892.88, 409.13, 6.51, 19.17]",0.8621216118335724,1
1708418372206800112_front_medium.jpg,"[670.92, 398.65, 7.42, 21.35]",0.6084849089384079,3
1708418372318869102_front_medium.jpg,"[898.94, 405.91, 7.03, 20.52]",0.8234206438064575,1
1708418372318869102_front_medium.jpg,"[673.07, 395.2, 7.17, 19.96]",0.5186679661273956,1
1708418372318869102_front_medium.jpg,"[672.52, 394.21, 7.26, 21.89]",0.40157313644886017,3
1708418372879199047_front_medium.jpg,"[922.42, 396.43, 7.57, 21.8]",0.8730036020278931,1
1708418372879199047_front_medium.jpg,"[672.25, 383.45, 7.27, 23.3]",0.7944339215755463,1
1708418372879199047_front_medium.jpg,"[922.59, 396.51, 7.62, 22.22]",0.20467789471149445,6
1708418372991232036_front_medium.jpg,"[672.3, 384.89, 7.26, 22.26]",0.8382888436317444,1
1708418372991232036_front_medium.jpg,"[927.92, 397.16, 7.74, 22.39]",0.8356720805168152,1
1708418373170546940_front_medium.jpg,"[672.84, 386.17, 7.52, 22.72]",0.8699356019496918,1
1708418373170546940_front_medium.jpg,"[938.19, 398.36, 8.22, 22.89]",0.8556108176708221,1
1708418373170546940_front_medium.jpg,"[672.04, 385.01, 8.75, 25.41]",0.408066987991333,3
1708418373170546940_front_medium.jpg,"[938.26, 398.59, 8.23, 23.54]",0.20460140705108643,6
1708418373461939872_front_medium.jpg,"[675.49, 384.65, 8.72, 24.48]",0.9028080403804779,1
1708418373461939872_front_medium.jpg,"[957.39, 397.34, 8.67, 24.25]",0.8612372875213623,1
1708418373529200779_front_medium.jpg,"[676.38, 387.69, 8.66, 24.97]",0.903212696313858,1
1708418373529200779_front_medium.jpg,"[962.7, 399.68, 8.8, 24.05]",0.8268442153930664,1
1708418373999967632_front_medium.jpg,"[686.6, 387.55, 9.38, 27.87]",0.9037651419639587,1
1708418373999967632_front_medium.jpg,"[1004.56, 399.91, 9.78, 27.61]",0.8503546714782715,1
1708418374515566212_front_medium.jpg,"[1054.94, 401.78, 10.85, 32.24]",0.7732619941234589,1
1708418374515566212_front_medium.jpg,"[695.17, 386.24, 10.43, 31.22]",0.7344180643558502,1
1708418374515566212_front_medium.jpg,"[695.57, 386.13, 10.59, 31.49]",0.3372061252593994,7
1708418374515566212_front_medium.jpg,"[1054.86, 401.83, 10.49, 32.27]",0.2464834451675415,6
1708418374874201334_front_medium.jpg,"[680.12, 372.48, 11.63, 34.65]",0.8710262775421143,1
1708418374874201334_front_medium.jpg,"[1074.61, 390.95, 12.32, 35.92]",0.8650599718093872,1
1708418374874201334_front_medium.jpg,"[680.0, 372.37, 12.56, 35.36]",0.28668758273124695,7
1708418374874201334_front_medium.jpg,"[1074.56, 390.88, 12.32, 36.14]",0.23200488090515137,6
1708418375098325593_front_medium.jpg,"[667.03, 369.92, 12.2, 36.32]",0.9149070382118225,1
1708418375098325593_front_medium.jpg,"[1086.5, 388.52, 13.33, 38.32]",0.815517783164978,1
1708418375098325593_front_medium.jpg,"[667.41, 369.95, 12.63, 37.3]",0.4432426691055298,7
1708418375098325593_front_medium.jpg,"[1086.4, 388.32, 13.03, 38.2]",0.3286040425300598,6
1708418375389781320_front_medium.jpg,"[647.11, 364.15, 13.05, 39.68]",0.9294810891151428,1
1708418375389781320_front_medium.jpg,"[1102.08, 384.4, 14.71, 41.24]",0.6327700763940811,1
1708418375389781320_front_medium.jpg,"[646.9, 363.92, 13.38, 40.08]",0.39502769708633423,7
1708418375389781320_front_medium.jpg,"[1101.87, 384.19, 14.0, 41.25]",0.38351717591285706,6
1708418375882934053_front_medium.jpg,"[608.3, 346.1, 13.69, 46.08]",0.917162150144577,1
1708418375882934053_front_medium.jpg,"[1133.36, 369.64, 16.62, 47.19]",0.6973034888505936,1
1708418375882934053_front_medium.jpg,"[1133.37, 369.73, 16.19, 47.51]",0.41762304306030273,6
1708418375882934053_front_medium.jpg,"[608.37, 345.97, 14.4, 46.22]",0.21649634838104248,7
1708418375950179221_front_medium.jpg,"[602.9, 344.21, 13.04, 46.22]",0.9046247005462646,1
1708418375950179221_front_medium.jpg,"[1138.95, 368.02, 16.75, 47.75]",0.6438193321228027,1
1708418375950179221_front_medium.jpg,"[1139.2, 368.17, 16.66, 48.53]",0.3793771266937256,6
1708418376241588130_front_medium.jpg,"[1167.98, 361.35, 18.6, 52.72]",0.8684833645820618,1
1708418376241588130_front_medium.jpg,"[582.19, 335.07, 12.84, 49.67]",0.7566736936569214,1
1708418376241588130_front_medium.jpg,"[582.79, 335.28, 14.34, 49.9]",0.26768046617507935,7
1708418376241588130_front_medium.jpg,"[1167.93, 361.01, 18.08, 52.64]",0.22153416275978088,6
1708418376241588130_right_forward.jpg,"[19.97, 397.5, 17.14, 43.59]",0.86146080493927,1
1708418377026201659_front_medium.jpg,"[1271.61, 338.34, 23.36, 64.51]",0.6569371223449707,1
1708418377026201659_front_medium.jpg,"[533.1, 304.06, 15.4, 63.56]",0.5589905083179474,1
1708418377026201659_front_medium.jpg,"[1271.49, 338.25, 23.21, 64.14]",0.4189920425415039,6
1708418377026201659_front_medium.jpg,"[533.59, 303.67, 13.89, 62.93]",0.2253659963607788,7
1708418377026201659_right_forward.jpg,"[123.03, 382.6, 19.04, 41.97]",0.8925714790821075,1
1708418377026201659_right_forward.jpg,"[123.2, 381.73, 19.18, 39.61]",0.23159287869930267,6
1708418377564224159_front_medium.jpg,"[495.91, 279.58, 24.18, 79.05]",0.942193329334259,1
1708418377564224159_front_medium.jpg,"[1380.65, 318.87, 28.72, 79.31]",0.9133309721946716,1
1708418377564224159_right_forward.jpg,"[187.71, 368.08, 20.69, 36.31]",0.3635992929339409,1
1708418378102203104_front_medium.jpg,"[446.53, 250.47, 31.91, 93.81]",0.9438588917255402,1
1708418378102203104_front_medium.jpg,"[1508.56, 293.54, 34.81, 95.58]",0.8470477759838104,1
1708418378102203104_right_forward.jpg,"[222.13, 362.86, 21.14, 34.85]",0.8235939145088196,1
1708418378236705422_front_medium.jpg,"[1543.07, 287.31, 36.73, 100.17]",0.9514626860618591,1
1708418378236705422_front_medium.jpg,"[432.41, 243.15, 33.56, 99.41]",0.9472639560699463,1
1708418378236705422_right_forward.jpg,"[353.87, 375.56, 21.2, 42.75]",0.5881241708993912,2
1708418378236705422_right_forward.jpg,"[327.94, 360.68, 28.78, 67.79]",0.3545289933681488,2
1708418378774689697_front_medium.jpg,"[369.62, 208.7, 40.0, 118.62]",0.9659603834152222,1
1708418378774689697_right_forward.jpg,"[344.67, 359.34, 24.39, 66.01]",0.9230800867080688,1
1708418379066095074_front_medium.jpg,"[329.87, 188.14, 45.01, 129.55]",0.9546670317649841,1
1708418379066095074_left_forward.jpg,"[1593.49, 268.61, 12.59, 100.33]",0.32000845670700073,1
1708418379066095074_right_forward.jpg,"[391.11, 352.4, 24.6, 69.11]",0.8749175369739532,1
1708418379066095074_right_forward.jpg,"[391.19, 352.65, 24.88, 69.07]",0.22993986308574677,6
1708418379469560170_front_medium.jpg,"[278.45, 161.02, 51.2, 142.73]",0.9648478031158447,1
1708418379469560170_left_forward.jpg,"[1588.94, 265.34, 22.02, 103.59]",0.9296875298023224,1
1708418379469560170_right_forward.jpg,"[415.6, 348.82, 26.07, 70.9]",0.9298592805862427,1
1708418379716120645_front_medium.jpg,"[254.57, 149.2, 53.18, 149.14]",0.9586079120635986,1
1708418379716120645_left_forward.jpg,"[1581.79, 262.56, 36.35, 105.86]",0.9487176239490509,1
1708418379716120645_right_forward.jpg,"[433.6, 346.72, 24.85, 72.68]",0.9145052433013916,1
1708418379716120645_right_forward.jpg,"[433.64, 346.82, 24.16, 72.56]",0.2704692482948303,21
1708418379940277502_front_medium.jpg,"[239.46, 141.62, 55.97, 153.29]",0.9506669640541077,1
1708418379940277502_left_forward.jpg,"[1580.54, 262.27, 38.8, 105.91]",0.9499204158782959,1
1708418379940277502_right_forward.jpg,"[435.95, 346.58, 25.34, 73.05]",0.9187932014465332,1
1708418380029940114_front_medium.jpg,"[235.91, 140.23, 55.97, 155.4]",0.9484730958938599,1
1708418380029940114_left_forward.jpg,"[1579.83, 261.41, 40.17, 105.99]",0.9559203386306763,1
1708418380029940114_right_forward.jpg,"[437.61, 346.48, 25.12, 72.6]",0.9105807244777679,1
1708418436473884615_front_medium.jpg,"[201.79, 427.73, 16.26, 29.42]",0.21716953814029694,2
1708418437437640286_front_medium.jpg,"[454.13, 368.98, 19.44, 35.1]",0.46128806471824646,2
1708418437572089569_front_medium.jpg,"[488.61, 366.25, 20.05, 35.97]",0.41891032457351685,2
1708418437751413949_front_medium.jpg,"[536.04, 377.44, 20.36, 37.56]",0.7110055983066559,2
1708418437930759638_front_medium.jpg,"[584.1, 381.67, 21.54, 39.01]",0.6328939497470856,2
1708418438356685093_front_medium.jpg,"[688.74, 370.5, 23.14, 44.75]",0.9291825592517853,2
1708418439006725161_front_medium.jpg,"[891.33, 356.81, 31.22, 59.14]",0.9426785409450531,2
1708418439186061607_front_medium.jpg,"[960.84, 354.02, 34.91, 65.7]",0.9399169385433197,2
1708418439320582692_front_medium.jpg,"[1014.81, 347.31, 35.96, 71.43]",0.9307057857513428,2
1708418439970682923_right_forward.jpg,"[205.96, 314.82, 47.52, 85.55]",0.872226744890213,2
1708418440127618856_right_forward.jpg,"[295.78, 300.74, 48.25, 90.61]",0.8255994021892548,2
